open_time,open,high,low,close,volume,close_time,q,n,taker_base,taker_quote,ignore
1762375320000,103938.50,103953.90,103679.20,103885.5,795.133,1762375379999,82633869.12630,259,1.749,181813.09280,0
1762375380000,103885.60,103887.10,103568.60,103858.8,490.967,1762375439999,50999619.27660,232,2.483,257925.96530,0
1762375440000,103858.90,103887.10,103831.00,103854.5,880.020,1762375499999,91384413.22980,228,1.150,119457.66940,0
1762375500000,103854.50,103866.70,102624.50,103858.7,110.244,1762375559999,11443184.68220,239,4.310,447562.47500,0
1762375560000,103841.60,103848.10,103655.20,103743.6,1222.533,1762375619999,126907537.27850,266,1.001,103885.46400,0
1762375620000,103765.50,103907.70,102613.80,103695.9,182.779,1762375679999,18956941.18410,189,10.378,1076006.96180,0
1762375680000,103695.60,103696.10,103695.50,103696.1,2.406,1762375739999,249491.65000,82,0.449,46559.46070,0
1762375740000,103699.50,103771.40,103695.50,103771.4,1397.366,1762375799999,144958118.82010,292,1396.684,144887398.46870,0
1762375800000,103770.50,103844.20,103354.10,103844.1,4035.626,1762375859999,418889175.39380,606,4032.973,418614043.42810,0
1762375860000,103844.20,104530.00,103613.10,103775.1,982.773,1762375919999,102061563.79090,312,979.764,101749211.08870,0
1762375920000,103785.50,103796.10,103745.30,103791.5,2292.742,1762375979999,237911221.34370,489,53.035,5504465.83780,0
1762375980000,103770.90,103895.50,103735.00,103813.0,574.495,1762376039999,59598168.81830,220,4.152,430930.68630,0
1762376040000,103808.80,103834.80,103532.30,103616.2,2334.324,1762376099999,242346085.20110,367,2287.535,237489068.09090,0
1762376100000,103616.20,104530.00,103585.00,104530.0,489.048,1762376159999,50798202.10260,175,488.063,50695888.88340,0
1762376160000,103945.50,104530.00,103168.60,103933.3,1807.187,1762376219999,187761670.08470,394,1692.254,175822261.10210,0
1762376220000,103933.40,103933.40,103887.40,103933.4,41.746,1762376279999,4337201.91960,111,0.684,71090.38760,0
1762376280000,103887.50,103914.90,103433.20,103781.1,500.276,1762376339999,51958368.06230,213,19.885,2063786.97790,0
1762376340000,103781.00,103806.10,103499.40,103806.1,964.453,1762376399999,100097587.03920,263,763.246,79216400.73730,0
1762376400000,103806.10,104464.50,103627.80,103631.4,4049.868,1762376459999,420030474.32780,624,18.621,1932766.80530,0
1762376460000,103627.90,104500.00,103607.90,103608.6,1130.451,1762376519999,117132947.10940,299,0.872,90384.35210,0
1762376520000,103608.50,103634.10,103607.90,103634.0,1361.099,1762376579999,141045332.93310,257,1359.565,140886381.49240,0
1762376580000,103634.00,103646.20,103611.80,103646.0,391.058,1762376639999,40528507.84200,158,386.683,40075200.77470,0
1762376640000,103626.50,103673.70,103611.80,103673.6,4.337,1762376699999,449471.84840,97,2.860,296416.05520,0
1762376700000,103673.60,104187.10,103670.40,103699.6,2446.950,1762376759999,253710572.75710,408,2273.652,235739014.62120,0
1762376760000,103699.50,104500.00,103608.60,103608.6,987.079,1762376819999,102344127.85680,270,0.564,58772.91420,0
1762376820000,103643.80,103688.10,103608.60,103678.3,825.504,1762376879999,85577234.78940,160,821.912,85204831.34410,0
1762376880000,103678.30,103678.30,103666.00,103666.0,60.402,1762376939999,6261743.06100,63,20.407,2115514.12730,0
1762376940000,103676.70,103676.90,103508.60,103632.0,1.413,1762376999999,146470.56360,86,0.117,12130.10530,0
1762377000000,103635.10,103676.90,103603.90,103603.9,2.463,1762377059999,255341.16230,89,1.588,164638.60190,0
1762377060000,103572.80,103676.90,103000.00,103634.6,2.814,1762377119999,291121.49300,155,1.131,117230.17830,0
1762377120000,103638.50,104530.00,103604.40,103612.7,1575.440,1762377179999,163263178.58980,268,4.965,516799.79080,0
1762377180000,103612.70,104530.00,103582.20,103588.0,1772.821,1762377239999,183668314.28630,332,0.261,27112.60590,0
1762377240000,103588.10,103880.70,103404.00,103601.5,482.703,1762377299999,50010815.01450,206,73.278,7591533.02980,0
1762377300000,103603.90,103631.10,103587.70,103631.1,1697.844,1762377359999,175908766.41220,350,1156.925,119872806.25850,0
1762377360000,103631.00,103684.60,103620.00,103681.9,2053.484,1762377419999,212847055.42050,445,2052.432,212737981.26850,0
1762377420000,103684.40,104150.50,103637.30,103637.3,1184.070,1762377479999,122728482.88800,280,1.312,136073.80970,0
1762377480000,103637.30,103678.40,103404.00,103635.9,2146.515,1762377539999,222431934.11530,384,1658.135,171821236.39630,0
1762377540000,103640.80,103953.00,103404.00,103628.8,150.860,1762377599999,15633827.45720,178,4.629,479744.90960,0
1762377600000,103628.00,103880.70,103625.50,103752.2,1793.499,1762377659999,185905099.75900,297,1313.524,136166396.89700,0
1762377660000,103752.30,104530.00,103740.40,104530.0,539.565,1762377719999,55978977.66900,218,45.499,4720879.18790,0
1762377720000,104146.90,104530.00,103715.70,103760.1,2902.786,1762377779999,301111575.30120,691,492.591,51096135.12060,0
1762377780000,103923.70,103923.70,103715.60,103715.6,453.390,1762377839999,47030728.13140,238,0.289,29987.73570,0
1762377840000,103813.20,103813.20,103682.90,103682.9,1301.072,1762377899999,134926500.61370,310,2.520,261311.39570,0
1762377900000,103683.00,103694.90,103676.40,103690.9,21.436,1762377959999,2222595.19540,104,6.546,678760.33860,0
1762377960000,103690.80,103690.90,103670.70,103670.7,4.436,1762378019999,459958.24120,90,1.926,199708.67060,0
1762378020000,103690.70,104530.00,103603.40,103727.9,383.626,1762378079999,39749909.55560,188,1.180,123231.13510,0
1762378080000,104073.60,104073.60,103560.00,103568.8,494.364,1762378139999,51203037.99830,201,61.504,6369829.74950,0
1762378140000,103568.80,103568.80,103549.60,103549.6,365.722,1762378199999,37872871.65890,216,1.041,107815.10970,0
1762378200000,103549.60,103568.70,103534.50,103542.9,215.816,1762378259999,22346417.21670,144,1.488,154078.71650,0
1762378260000,103546.90,103569.00,103534.00,103534.0,6.043,1762378319999,625782.42950,99,3.064,317326.23440,0
1762378320000,103534.00,103577.30,103533.00,103577.3,197.660,1762378379999,20464444.32060,114,4.419,457615.06490,0
1762378380000,103547.10,104169.50,103533.00,103533.0,9.028,1762378439999,934962.54260,125,5.367,555926.55710,0
1762378440000,104044.30,104530.00,103338.60,103771.5,3.910,1762378499999,404872.80790,153,1.979,205235.68280,0
1762378500000,103627.70,104530.00,103576.50,103887.3,144.435,1762378559999,14975784.90870,263,6.522,676725.76500,0
1762378560000,103813.20,103980.50,103547.10,103605.2,203.491,1762378619999,21091351.18930,127,0.273,28292.67070,0
1762378620000,103605.20,104479.10,103564.10,103565.8,320.775,1762378679999,33229064.85010,198,4.647,481511.76440,0
1762378680000,103565.50,103572.00,103564.10,103572.0,665.661,1762378739999,68940641.51540,232,660.503,68406452.93890,0
1762378740000,103563.90,104530.00,103547.10,103599.6,1287.537,1762378799999,133410595.33900,400,37.373,3872233.77770,0
1762378800000,103599.50,103614.60,103547.10,103606.0,537.161,1762378859999,55652265.08910,237,536.995,55635067.04620,0
1762378860000,103604.80,104174.50,103338.60,103605.0,851.264,1762378919999,88192902.49850,284,673.474,69773942.98030,0
1762378920000,103605.10,104530.00,103584.90,103588.4,92.574,1762378979999,9591233.29380,230,12.358,1281405.23890,0
1762378980000,103588.30,103588.50,103568.00,103568.0,118.351,1762379039999,12259789.70770,184,118.088,12232547.74020,0
1762379040000,103567.90,103589.30,103567.80,103580.0,562.931,1762379099999,58305071.05090,156,60.019,6217302.34510,0
1762379100000,103580.00,103581.00,103543.30,103543.3,199.679,1762379159999,20680103.26280,238,1.410,146045.14770,0
1762379160000,103543.40,103572.00,103538.60,103549.4,581.166,1762379219999,60173919.08200,158,0.667,69080.60420,0
1762379220000,103549.30,103587.50,103200.00,103587.2,804.994,1762379279999,83374232.42020,247,772.259,79983657.62610,0
1762379280000,103587.20,103587.20,103580.00,103580.0,0.393,1762379339999,40707.48390,67,0.012,1243.04620,0
1762379340000,103587.20,103587.30,103547.90,103573.8,12.009,1762379399999,1243966.51120,93,11.024,1141946.20250,0
1762379400000,103573.80,103661.70,103548.00,103660.2,2523.210,1762379459999,261409022.80210,320,2410.822,249758717.20200,0
1762379460000,103661.50,103715.20,103364.10,103715.2,1082.269,1762379519999,112211814.95100,311,1067.410,110671584.63880,0
1762379520000,103715.10,103715.20,103667.60,103667.6,1093.534,1762379579999,113391040.95550,365,15.223,1578823.59450,0
1762379580000,103671.60,104296.40,103200.00,103681.9,158.222,1762379639999,16406463.31270,234,104.767,10861893.79160,0
1762379640000,103681.90,104449.50,103651.50,103651.5,1443.664,1762379699999,149658199.05360,472,12.501,1296594.45730,0
1762379700000,103659.10,104019.40,103649.80,103649.8,253.093,1762379759999,26239939.73160,185,4.085,423448.17520,0
1762379760000,103649.80,103656.10,103630.80,103655.3,426.649,1762379819999,44219320.83070,276,4.871,504851.59250,0
1762379820000,103656.00,104449.50,103600.30,103627.7,1352.393,1762379879999,140184190.52460,316,684.592,70964099.59270,0
1762379880000,103627.70,104449.50,103538.50,103601.3,982.590,1762379939999,101828194.21820,224,1.855,193080.60130,0
1762379940000,103601.40,104357.30,103600.00,103639.5,337.706,1762379999999,35002868.90460,138,68.635,7112070.86950,0
1762380000000,103600.50,103639.50,103592.90,103592.9,1054.365,1762380059999,109240176.16920,249,0.072,7461.87040,0
1762380060000,103592.90,103639.50,103524.40,103524.4,3149.737,1762380119999,326200108.40070,495,1.384,143432.38030,0
1762380120000,103525.40,103575.90,103521.20,103575.9,2.834,1762380179999,293445.63910,89,2.046,211869.73510,0
1762380180000,103575.80,103575.90,103516.10,103516.1,8.319,1762380239999,861356.61260,108,3.146,325849.73020,0
1762380240000,103516.20,104424.00,103410.20,103410.2,4663.451,1762380299999,482480705.96270,646,4.448,461712.38710,0
1762380300000,103417.30,103417.30,103390.70,103390.7,94.791,1762380359999,9802183.45070,129,1.704,176208.59920,0
1762380360000,103390.70,103398.20,103374.20,103387.3,1541.626,1762380419999,159382278.56070,226,0.084,8684.59140,0
1762380420000,103390.50,104052.60,103374.20,103426.3,838.447,1762380479999,86713111.11320,250,624.321,64560824.42170,0
1762380480000,103426.30,103911.90,103374.20,103400.2,862.838,1762380539999,89227208.88970,256,108.225,11193448.72400,0
1762380540000,103400.10,103400.20,103383.90,103387.6,51.038,1762380599999,5276521.56080,99,2.877,297449.50500,0
1762380600000,103384.00,103911.90,103383.90,103428.9,99.242,1762380659999,10267111.49640,147,0.815,84452.12610,0
1762380660000,103429.80,103430.00,103410.70,103410.7,9.606,1762380719999,993536.57060,92,4.213,435745.96870,0
1762380720000,103410.60,103911.90,103400.10,103417.8,393.692,1762380779999,40712997.51810,166,6.025,623171.81670,0
1762380780000,103417.80,103911.90,103380.00,103380.0,44.599,1762380839999,4611199.74350,120,8.213,849252.41790,0
1762380840000,103374.40,103396.80,103290.80,103290.8,3723.884,1762380899999,384785832.90880,570,4.218,436007.22890,0
1762380900000,103290.90,103312.20,103279.40,103297.5,193.544,1762380959999,19991079.30180,144,0.920,95030.17100,0
1762380960000,103297.40,103349.30,103279.40,103349.3,1.451,1762381019999,149941.43120,81,1.436,148392.09910,0
1762381020000,103349.30,103359.50,103342.10,103359.5,445.471,1762381079999,46040330.37300,221,421.710,43584818.51230,0
1762381080000,103359.50,103361.80,103350.20,103361.8,344.848,1762381139999,35643679.41210,203,344.039,35560065.55450,0
1762381140000,103361.70,103361.80,103305.20,103305.2,6.047,1762381199999,624909.48470,124,1.359,140468.68330,0
1762381200000,103305.20,103361.80,103295.90,103295.9,2.263,1762381259999,233833.70250,105,0.967,99950.51290,0
1762381260000,103296.00,103361.80,103295.80,103360.8,2.315,1762381319999,239175.19280,87,0.660,68215.58230,0
1762381320000,103296.00,103374.00,103295.80,103374.0,0.429,1762381379999,44334.09580,125,0.266,27493.85030,0
1762381380000,103373.90,104424.00,103295.80,103411.5,541.523,1762381439999,55986581.96950,243,510.626,52791717.57330,0
1762381440000,103411.50,104072.30,103411.20,103413.8,121.476,1762381499999,12563784.84410,166,48.486,5014118.78720,0
1762381500000,103413.90,103940.50,103413.80,103432.9,10.972,1762381559999,1134767.03630,110,9.918,1025763.57030,0
1762381560000,103415.70,103415.70,103346.20,103415.6,108.955,1762381619999,11261499.75890,186,4.743,490498.98980,0
1762381620000,103394.70,103415.60,103342.30,103359.1,27.589,1762381679999,2851479.03810,117,5.595,578276.64560,0
1762381680000,103342.30,104075.80,103342.30,103400.7,100.935,1762381739999,10437785.63100,118,3.453,357261.26790,0
1762381740000,103400.60,103400.70,103334.80,103334.8,196.175,1762381799999,20277656.52950,240,1.047,108253.31480,0
1762381800000,103334.90,103350.70,103327.30,103327.3,2.251,1762381859999,232629.05050,109,2.024,209172.15980,0
1762381860000,103327.40,103334.90,103293.10,103302.7,2.104,1762381919999,217369.94070,87,0.677,69941.28710,0
1762381920000,103302.70,103352.80,103293.10,103297.9,4.351,1762381979999,449517.39120,94,3.937,406754.04620,0
1762381980000,103297.90,104360.20,103293.10,103392.7,1428.461,1762382039999,147662942.75510,333,1427.134,147525772.31520,0
1762382040000,103390.40,104174.50,103365.00,103980.4,915.206,1762382099999,94617734.53070,301,771.632,79774940.30900,0
1762382100000,103413.90,104174.50,103352.00,103352.0,2239.909,1762382159999,231536419.91560,466,1.521,157253.10310,0
1762382160000,103352.10,103370.20,103346.80,103348.2,377.673,1762382219999,39032318.99860,138,0.581,60045.46380,0
1762382220000,103348.10,103350.20,103322.50,103350.1,984.782,1762382279999,101767793.33990,280,333.578,34474855.44720,0
1762382280000,103322.60,103350.20,103320.90,103344.6,621.903,1762382339999,64255824.24410,188,1.136,117405.20120,0
1762382340000,103344.80,103345.20,103321.40,103321.5,100.404,1762382399999,10376262.52030,96,100.310,10366549.45180,0
1762382400000,103321.40,103345.30,103321.40,103345.3,1.405,1762382459999,145172.06110,76,1.141,117895.18510,0
1762382460000,103345.30,104119.70,103321.40,104119.7,295.690,1762382519999,30558577.32180,156,293.637,30346457.68710,0
1762382520000,103639.70,104119.70,103400.70,103600.0,4339.423,1762382579999,449052778.22410,634,4230.872,437828336.07690,0
1762382580000,103900.30,104119.70,103543.70,103562.3,17.405,1762382639999,1802573.64390,156,3.494,362003.63080,0
1762382640000,103549.60,103562.30,103521.70,103521.7,103.613,1762382699999,10728319.15290,117,4.111,425744.48780,0
1762382700000,103543.50,103893.70,103521.70,103893.7,11.782,1762382759999,1219951.42670,204,2.738,283571.36230,0
1762382760000,103788.10,104119.70,103521.60,103521.6,330.835,1762382819999,34250385.39570,168,1.645,170450.45200,0
1762382820000,103521.70,103591.20,103466.20,103563.0,2760.108,1762382879999,285717937.73630,422,1115.900,115540698.80140,0
1762382880000,103553.30,103565.90,103517.70,103517.8,236.350,1762382939999,24469839.21600,141,3.758,389152.29390,0
1762382940000,103517.80,104119.70,103517.70,103544.2,137.516,1762382999999,14249330.99420,128,9.705,1004903.18190,0
1762383000000,103544.40,104107.20,103374.20,103673.2,1208.300,1762383059999,125237626.72560,240,1188.814,123218690.85750,0
1762383060000,103673.20,103714.30,103636.00,103714.2,1265.026,1762383119999,131164896.38970,180,1264.794,131140835.60220,0
1762383120000,103714.20,104044.40,103374.20,103718.8,198.239,1762383179999,20562146.21170,150,2.938,304766.82530,0
1762383180000,103718.70,104119.70,103374.20,103699.1,203.118,1762383239999,21067380.29510,169,97.917,10155861.10480,0
1762383240000,103694.10,104530.00,103616.20,103695.2,17.026,1762383299999,1771191.45900,202,8.563,893017.15310,0
1762383300000,103695.20,104530.00,103694.70,103695.0,166.856,1762383359999,17302183.94350,146,2.148,222782.80810,0
1762383360000,103695.00,103861.20,103692.20,103692.2,197.739,1762383419999,20504006.63320,142,0.511,52999.57470,0
1762383420000,103692.30,104295.00,103609.40,103727.1,106.159,1762383479999,11011457.61490,97,6.640,688684.05950,0
1762383480000,103727.10,103858.30,103671.00,103671.1,1814.253,1762383539999,188130896.33370,283,5.800,601456.47690,0
1762383540000,103671.10,103685.30,103629.70,103685.3,552.802,1762383599999,57313744.63380,182,552.533,57285857.24440,0
1762383600000,103685.30,104211.00,103685.30,103741.7,491.413,1762383659999,50972869.42650,208,373.297,38717453.45960,0
1762383660000,103741.70,103781.30,103741.70,103781.3,1305.457,1762383719999,135456762.56680,377,1271.625,131946178.20330,0
1762383720000,103756.60,103775.50,103754.10,103756.4,1.338,1762383779999,138841.43730,80,1.061,110100.47880,0
1762383780000,103770.40,104072.10,103632.10,103698.9,438.227,1762383839999,45450565.25280,208,66.726,6919597.75930,0
1762383840000,103693.00,104072.10,103676.30,103680.9,2036.796,1762383899999,211188762.87710,399,49.251,5107341.46320,0
1762383900000,103676.30,103680.90,103652.80,103652.8,28.985,1762383959999,3004697.17520,246,1.442,149507.85340,0
1762383960000,103652.90,103670.70,103636.30,103662.1,195.800,1762384019999,20293390.95320,100,1.960,203171.29080,0
1762384020000,103662.10,103688.40,103662.10,103679.0,275.461,1762384079999,28559762.27080,215,197.876,20515744.13070,0
1762384080000,103691.10,103693.30,103679.00,103692.0,1.230,1762384139999,127540.00700,66,0.678,70302.78850,0
1762384140000,103692.00,103980.00,103655.60,103656.3,1384.465,1762384199999,143533756.22730,328,390.068,40447671.62800,0
1762384200000,103655.70,103693.00,103655.60,103693.0,1263.398,1762384259999,130987771.66660,294,1259.324,130565478.74720,0
1762384260000,103693.00,103980.00,103659.20,103725.7,1057.240,1762384319999,109639091.43250,191,960.149,99567253.52400,0
1762384320000,103725.70,103728.40,103673.10,103676.6,540.683,1762384379999,56060998.42980,172,4.408,457052.86720,0
1762384380000,103676.60,103871.50,103562.20,103739.5,1304.272,1762384439999,135246522.44410,264,1179.497,122302521.33070,0
1762384440000,103738.60,103980.00,103734.10,103734.1,641.940,1762384499999,66594430.87920,232,5.394,559565.35410,0
1762384500000,103734.10,103824.50,103562.30,103824.5,2924.980,1762384559999,303542509.96490,417,2922.385,303273388.99320,0
1762384560000,103824.50,103832.60,103820.90,103820.9,535.360,1762384619999,55585647.55080,164,535.170,55565919.75070,0
1762384620000,103821.00,103832.60,103671.90,103796.3,1.644,1762384679999,170621.28990,85,0.468,48591.14140,0
1762384680000,103796.30,103832.60,103609.50,103797.3,297.912,1762384739999,30920800.53660,129,1.382,143487.73050,0
1762384740000,103832.40,103832.60,103609.00,103797.3,5.017,1762384799999,520840.92230,82,3.930,408060.91280,0
1762384800000,103797.30,103834.00,103779.20,103824.0,580.394,1762384859999,60259237.13530,185,524.382,54446255.03700,0
1762384860000,103829.90,103834.00,103817.40,103834.0,2.323,1762384919999,241204.41540,60,2.099,217947.56450,0
1762384920000,103826.90,103890.10,103817.40,103890.1,1650.918,1762384979999,171437939.59830,266,1649.725,171314080.11760,0
1762384980000,103894.60,103895.00,103822.50,103895.0,104.087,1762385039999,10807416.56360,131,8.238,855462.30740,0
1762385040000,103895.00,103980.00,103856.70,103856.8,107.512,1762385099999,11166323.26640,134,53.229,5528440.81850,0
1762385100000,103856.80,103980.00,103856.70,103894.3,36.332,1762385159999,3774013.58650,82,36.310,3771728.05650,0
1762385160000,103892.60,103980.00,103562.20,103869.5,966.607,1762385219999,100401187.66080,266,197.666,20530989.91830,0
1762385220000,103869.80,103980.00,103869.50,103890.3,1269.523,1762385279999,131871362.13730,399,1260.859,130971220.01130,0
1762385280000,103890.30,103902.50,103890.20,103890.2,5.234,1762385339999,543764.25740,71,4.810,499714.60810,0
1762385340000,103902.40,103917.10,103890.20,103917.1,399.847,1762385399999,41545590.50070,143,399.632,41523250.34140,0
1762385400000,103913.90,103914.00,103890.20,103895.1,5.638,1762385459999,585755.85530,92,2.240,232728.63810,0
1762385460000,103895.40,103895.50,103562.20,103895.5,9.402,1762385519999,976716.25250,101,0.831,86337.15850,0
1762385520000,103895.20,103914.40,103628.40,103914.4,189.419,1762385579999,19679753.97930,101,188.619,19596654.99910,0
1762385580000,103914.30,103960.00,103898.50,103903.4,2172.224,1762385639999,225740074.47330,313,1139.515,118428275.89320,0
1762385640000,103899.70,103904.60,103894.10,103894.1,774.097,1762385699999,80425636.26550,200,1.019,105875.29000,0
1762385700000,103905.10,103960.00,103844.70,103845.3,2834.062,1762385759999,294403817.04330,377,100.728,10466131.18480,0
1762385760000,103845.20,103960.00,103844.60,103852.7,428.826,1762385819999,44533089.47270,172,135.180,14038188.68750,0
1762385820000,103852.30,103960.00,103562.20,103562.2,589.095,1762385879999,61190184.12650,236,536.490,55725106.62110,0
1762385880000,103899.30,103906.40,103100.30,103890.1,1067.837,1762385939999,110944495.25140,269,492.783,51197435.79550,0
1762385940000,103890.20,103894.10,103851.10,103851.1,1837.443,1762385999999,190863277.58630,466,2.462,255736.28040,0
1762386000000,103851.20,103898.70,103100.30,103898.5,1173.074,1762386059999,121863269.85470,362,1167.942,121330252.97280,0
1762386060000,103895.30,103960.00,103877.90,103903.3,1504.378,1762386119999,156279452.20430,290,2.664,276739.20060,0
1762386120000,103877.90,103960.00,103500.00,103867.8,578.655,1762386179999,60119718.06020,141,116.879,12144212.11370,0
1762386180000,103867.80,103932.80,103500.00,103932.8,2141.911,1762386239999,222552129.03540,354,2141.477,222507057.20390,0
1762386240000,103932.80,104053.90,103929.90,104052.1,2695.577,1762386299999,280350985.32160,416,2694.087,280196120.81170,0
1762386300000,104053.70,104053.90,104034.40,104053.8,5.401,1762386359999,561994.11360,75,2.094,217888.86450,0
1762386360000,104053.80,104053.90,103520.00,103999.9,188.309,1762386419999,19583887.14770,156,0.269,27975.28750,0
1762386420000,103999.90,104000.20,103989.80,103993.9,226.865,1762386479999,23592354.95290,144,1.652,171806.25330,0
1762386480000,104002.20,104002.20,103971.80,103975.0,1555.877,1762386539999,161774815.30970,263,158.620,16492500.82960,0
1762386540000,103975.00,103975.00,103940.40,103940.4,3.858,1762386599999,401120.09740,132,3.204,333135.89520,0
1762386600000,103939.20,103975.00,103551.00,103917.2,563.773,1762386659999,58587265.84830,177,2.452,254946.43010,0
1762386660000,103925.00,103936.80,103587.70,103928.9,372.853,1762386719999,38748331.93080,140,11.718,1217833.27370,0
1762386720000,103928.90,103938.20,103551.00,103933.6,218.015,1762386779999,22657200.17380,117,0.033,3429.89750,0
1762386780000,103938.00,103938.20,103000.00,103850.5,501.466,1762386839999,52075121.52790,273,79.934,8301182.34220,0
1762386840000,103850.40,103881.20,103850.40,103875.9,136.939,1762386899999,14223441.18840,136,135.309,14054148.38490,0
1762386900000,103881.00,103881.20,103487.40,103881.2,12.462,1762386959999,1294478.64450,79,10.326,1072671.62920,0
1762386960000,103836.10,103850.20,103626.60,103845.7,283.500,1762387019999,29438997.30640,151,282.621,29347724.87540,0
1762387020000,103845.70,103881.20,103845.70,103880.9,554.593,1762387079999,57598709.39070,140,525.643,54591429.65690,0
1762387080000,103880.90,104052.60,103863.00,103877.5,98.746,1762387139999,10257828.30210,106,0.180,18703.60900,0
1762387140000,103880.90,103881.40,103487.40,103837.0,36.065,1762387199999,3746206.80630,215,32.428,3368576.52730,0
1762387200000,103818.60,104530.00,103808.80,103813.4,346.523,1762387259999,35995262.41360,192,39.223,4092949.62220,0
1762387260000,103821.80,103908.70,103769.60,103769.7,2374.532,1762387319999,246466603.51940,405,2.616,271610.74120,0
1762387320000,103769.60,103769.60,103563.50,103563.5,4290.074,1762387379999,444876443.97390,522,0.305,31604.36190,0
1762387380000,103563.50,104530.00,103538.20,103601.9,1457.528,1762387439999,150965830.77120,377,413.189,42794158.96590,0
1762387440000,103598.00,104479.10,103538.10,103543.3,1021.904,1762387499999,105858254.02940,258,4.671,483788.21010,0
1762387500000,103538.20,104300.00,103437.30,103438.6,2041.310,1762387559999,211334072.68300,372,198.760,20580435.40330,0
1762387560000,103437.50,104296.40,103431.60,103433.0,937.173,1762387619999,96968271.88790,247,272.825,28221970.73410,0
1762387620000,103433.00,103458.00,103422.80,103458.0,748.148,1762387679999,77394464.85470,162,746.664,77240969.42400,0
1762387680000,103422.90,104530.00,103418.30,103485.4,569.614,1762387739999,58936770.69940,262,447.170,46269538.54170,0
1762387740000,103485.30,104530.00,103457.00,103598.6,3272.632,1762387799999,338806374.55530,446,3145.768,325654095.00930,0
1762387800000,103593.90,103755.00,103593.70,103692.8,3030.636,1762387859999,314177564.36920,420,3022.225,313305298.46150,0
1762387860000,103692.80,104530.00,103692.20,103693.4,150.450,1762387919999,15606136.47770,193,19.669,2040955.27210,0
1762387920000,103692.30,104530.00,103680.30,103688.2,499.634,1762387979999,51806456.28810,265,6.069,630968.77680,0
1762387980000,103688.20,104530.00,103680.30,103695.2,1088.878,1762388039999,112920355.25770,256,1071.113,111078080.20270,0
1762388040000,103689.60,103726.20,103687.00,103726.2,6.418,1762388099999,665656.08060,96,5.974,619618.47220,0
1762388100000,103711.50,103726.30,103600.00,103654.1,5.179,1762388159999,537133.89500,102,3.753,389284.62230,0
1762388160000,103654.30,104530.00,103654.10,103712.9,349.875,1762388219999,36284886.27920,165,213.880,22181222.40250,0
1762388220000,103712.80,104530.00,103653.40,103653.4,1143.345,1762388279999,118552787.64130,402,59.871,6209885.32710,0
1762388280000,103653.40,104530.00,103530.00,103530.0,4461.266,1762388339999,462172989.16560,831,12.302,1275086.68500,0
1762388340000,103530.10,103878.20,103529.90,103556.1,730.749,1762388399999,75660393.29970,293,143.932,14901696.03940,0
1762388400000,103556.20,103560.30,103495.90,103495.9,653.260,1762388459999,67632426.99800,174,12.314,1275241.50790,0
1762388460000,103560.00,104093.40,103444.00,103444.0,3188.978,1762388519999,329945992.76210,500,34.450,3565985.94950,0
1762388520000,103444.00,104530.00,103441.50,103481.2,657.066,1762388579999,67991856.51280,259,31.779,3293529.13650,0
1762388580000,103481.10,103986.20,103438.50,103438.7,640.399,1762388639999,66253920.54840,284,20.358,2106672.10080,0
1762388640000,103438.60,103458.20,103423.20,103431.0,26.491,1762388699999,2740704.56200,107,26.233,2714018.83720,0
1762388700000,103458.10,103458.20,103394.50,103433.9,2.004,1762388759999,207307.46040,114,1.345,139151.18050,0
1762388760000,103434.00,103444.90,103291.80,103294.1,2968.844,1762388819999,306868666.69470,432,4.449,460225.01900,0
1762388820000,103294.00,103347.60,103291.80,103347.1,930.914,1762388879999,96174313.31370,243,930.522,96133819.37670,0
1762388880000,103347.20,103353.60,103327.60,103347.6,467.359,1762388939999,48294938.04340,152,0.510,52709.08340,0
1762388940000,103347.60,103399.80,103347.40,103393.8,1752.195,1762388999999,181136153.04940,277,1750.969,181009400.98630,0
1762389000000,103393.90,103404.90,103382.30,103402.5,655.071,1762389059999,67726376.13360,216,135.276,13986813.49580,0
1762389060000,103402.50,103409.20,103383.30,103383.3,223.688,1762389119999,23130000.18960,221,156.793,16213196.49860,0
1762389120000,103383.30,103409.00,103339.80,103409.0,616.665,1762389179999,63737845.34930,176,5.210,538611.65520,0
1762389180000,103408.90,103409.00,103334.60,103361.4,285.515,1762389239999,29507124.44960,160,100.553,10393413.03200,0
1762389240000,103354.10,103363.90,103354.00,103354.0,31.220,1762389299999,3226924.60300,84,29.892,3089665.48520,0
1762389300000,103363.70,103397.70,103336.10,103336.5,5.225,1762389359999,539951.52040,101,0.269,27811.06380,0
1762389360000,103336.40,103452.00,103336.30,103419.8,2479.224,1762389419999,256392982.03750,373,2474.156,255868901.17720,0
1762389420000,103451.70,103452.00,103436.50,103437.7,1.751,1762389479999,181134.16800,91,1.028,106348.65150,0
1762389480000,103437.80,103452.00,103352.30,103352.3,1266.826,1762389539999,130979264.11130,311,0.970,100344.73500,0
1762389540000,103355.00,103371.70,103352.00,103371.7,159.569,1762389599999,16491821.43300,106,2.723,281463.06810,0
1762389600000,103352.20,103384.00,103350.50,103371.1,2.657,1762389659999,274670.60670,104,2.321,239943.30000,0
1762389660000,103371.10,103390.60,103350.50,103383.3,7.485,1762389719999,773695.19300,117,3.567,368739.30340,0
1762389720000,103357.90,103375.00,103357.80,103375.0,16.353,1762389779999,1690337.04620,75,13.369,1381917.25640,0
1762389780000,103374.90,103378.30,103333.90,103333.9,149.126,1762389839999,15415768.23850,127,143.144,14797527.10530,0
1762389840000,103333.50,103373.90,103321.60,103373.9,893.490,1762389899999,92328206.52290,186,118.769,12276469.88930,0
1762389900000,103373.90,103419.50,103321.60,103419.4,3735.146,1762389959999,386216293.45570,501,3722.067,384863693.64860,0
1762389960000,103419.40,103419.90,103400.00,103406.8,118.727,1762390019999,12278679.98350,134,114.701,11862334.53510,0
1762390020000,103419.80,103421.80,103396.70,103421.8,294.463,1762390079999,30453446.91830,120,293.958,30401231.23050,0
1762390080000,103421.50,103428.80,103396.70,103424.5,379.895,1762390139999,39290500.64140,147,379.814,39282123.83280,0
1762390140000,103424.50,103435.80,103424.50,103426.8,268.482,1762390199999,27770152.00640,153,267.895,27709439.39310,0
1762390200000,103426.90,104000.00,103426.80,103426.8,3.844,1762390259999,397808.55870,125,1.345,139344.52440,0
1762390260000,104000.00,104442.50,103426.80,103533.3,1179.820,1762390319999,122124324.83740,389,1070.401,110800463.53300,0
1762390320000,103533.30,103544.10,103499.40,103544.1,209.776,1762390379999,21719344.59730,143,204.236,21145852.67000,0
1762390380000,103513.00,104530.00,103500.00,103524.0,115.862,1762390439999,11999361.17500,147,15.382,1594694.38910,0
1762390440000,103524.10,103639.90,103073.70,103639.9,3880.217,1762390499999,401933469.96850,527,3878.591,401765399.75430,0
1762390500000,103653.10,104458.50,103555.60,103599.4,862.918,1762390559999,89424624.81210,268,5.827,604128.83280,0
1762390560000,103599.50,103600.20,103582.20,103584.5,973.968,1762390619999,100894133.23980,329,18.791,1946742.83800,0
1762390620000,103584.40,103801.90,103584.40,103590.9,647.755,1762390679999,67105109.53150,262,353.060,36574435.75600,0
1762390680000,103591.10,103596.40,103590.50,103596.4,196.661,1762390739999,20372259.70000,107,3.479,360410.33580,0
1762390740000,103596.30,103727.00,103590.50,103623.0,1151.110,1762390799999,119263789.87870,310,1138.989,118007937.67820,0
1762390800000,103623.00,104458.50,103583.00,103604.0,971.349,1762390859999,100638879.83670,573,48.886,5066473.45260,0
1762390860000,103604.00,103604.10,103517.50,103517.5,3749.691,1762390919999,388245938.94490,859,20.195,2092256.83560,0
1762390920000,103517.60,104530.00,103482.10,103482.1,2841.177,1762390979999,294087169.58140,647,24.357,2543883.62960,0
1762390980000,103482.20,103484.00,103440.50,103448.3,2320.419,1762391039999,240084422.60340,642,4.552,471040.93690,0
1762391040000,103442.00,103448.20,103440.60,103443.8,0.435,1762391099999,44998.62440,60,0.166,17172.26500,0
1762391100000,103443.80,103468.10,103443.80,103447.5,836.477,1762391159999,86541875.61200,233,835.417,86432218.27110,0
1762391160000,103447.50,103477.40,103422.90,103422.9,727.829,1762391219999,75275805.65230,287,5.714,591268.90280,0
1762391220000,103477.30,103477.40,103358.70,103358.7,2260.056,1762391279999,233687268.24130,399,6.011,621604.77290,0
1762391280000,103354.40,103372.70,103251.70,103251.7,3104.104,1762391339999,320674267.16430,490,4.000,413253.51290,0
1762391340000,103251.70,103258.80,103115.00,103115.0,3466.288,1762391399999,357648480.84960,566,4.571,471977.45950,0
1762391400000,103115.10,103186.60,103115.00,103171.0,12.781,1762391459999,1318417.61520,150,8.924,920700.87960,0
1762391460000,103186.40,103186.90,103129.10,103129.1,400.815,1762391519999,41343438.90910,163,5.394,556589.13080,0
1762391520000,103129.20,103156.00,103123.80,103141.7,118.078,1762391579999,12177184.80650,140,56.113,5786904.28370,0
1762391580000,103141.80,103195.20,103141.80,103195.2,661.434,1762391639999,68246981.28000,229,660.948,68196840.66300,0
1762391640000,103187.00,103204.90,103182.50,103195.2,368.637,1762391699999,38042966.14290,170,368.464,38025113.88050,0
1762391700000,103204.90,103212.10,103198.30,103204.8,162.381,1762391759999,16759210.46410,214,159.969,16510295.39520,0
1762391760000,103205.90,103208.70,103199.20,103201.4,3.290,1762391819999,339544.65240,105,0.704,72657.21830,0
1762391820000,103203.50,103208.70,103093.70,103093.7,2461.701,1762391879999,253856063.29310,347,7.474,771379.10150,0
1762391880000,103093.70,103093.70,103027.30,103027.3,2003.790,1762391939999,206520222.94070,428,7.687,792187.46490,0
1762391940000,103032.90,103033.00,102923.80,102939.6,2936.302,1762391999999,302323181.50210,649,245.455,25265260.88670,0
1762392000000,102923.90,102942.00,102918.70,102918.7,613.207,1762392059999,63113686.83660,243,112.864,11617953.78740,0
1762392060000,102942.20,102942.30,102915.50,102922.1,397.098,1762392119999,40868934.75610,187,3.752,386227.42040,0
1762392120000,102922.10,102936.80,102846.90,102846.9,1964.376,1762392179999,202090764.06160,316,3.924,403881.88400,0
1762392180000,102847.00,102936.80,102846.90,102913.5,3.955,1762392239999,406827.64480,85,0.623,64129.54230,0
1762392240000,102848.00,102936.70,102838.90,102840.6,715.676,1762392299999,73602965.07420,196,26.030,2677876.24520,0
1762392300000,102840.60,102867.30,102836.60,102861.5,338.323,1762392359999,34793112.93950,162,24.615,2531455.00170,0
1762392360000,102861.50,102867.30,102836.60,102836.6,9.226,1762392419999,948838.81180,106,2.106,216638.48790,0
1762392420000,102853.40,102867.30,102825.80,102856.1,4.884,1762392479999,502318.93350,116,2.129,219004.47790,0
1762392480000,102848.10,102867.30,102739.60,102739.6,3270.768,1762392539999,336269620.97810,462,8.271,849931.69900,0
1762392540000,102751.00,102817.10,102737.20,102737.2,324.134,1762392599999,33324263.62110,126,320.739,32975467.39960,0
1762392600000,102737.30,102858.70,102737.20,102846.1,803.549,1762392659999,82627061.95370,215,800.628,82326931.27230,0
1762392660000,102858.60,102900.00,102845.80,102900.0,11.262,1762392719999,1158481.69980,98,11.207,1152825.09620,0
1762392720000,102845.90,102936.00,102845.80,102936.0,768.708,1762392779999,79119362.69690,178,765.502,78789637.40940,0
1762392780000,102936.00,102959.70,102935.60,102959.7,1499.867,1762392839999,154399775.67490,480,1499.317,154343154.57080,0
1762392840000,102954.10,103051.80,102954.00,103050.6,2422.658,1762392899999,249577843.58200,432,2420.663,249372398.71600,0
1762392900000,103050.70,103051.80,103049.10,103051.6,11.664,1762392959999,1201990.87620,95,9.721,1001766.45240,0
1762392960000,103049.30,103221.70,103049.10,103221.7,3123.549,1762393019999,322144519.01730,393,3123.410,322130195.18960,0
1762393020000,103221.60,103251.60,103221.50,103231.8,832.090,1762393079999,85895278.48690,171,796.214,82191362.47140,0
1762393080000,103242.90,103284.90,103218.30,103284.9,1177.538,1762393139999,121615101.73890,220,1177.108,121570715.48050,0
1762393140000,103284.90,103320.00,103218.40,103315.7,1651.296,1762393199999,170583842.61200,303,1591.343,164389783.53370,0
1762393200000,103317.40,103327.20,103218.10,103259.9,1262.940,1762393259999,130429189.04990,316,208.311,21514879.13850,0
1762393260000,103260.00,103329.30,103260.00,103324.0,1059.995,1762393319999,109491248.05200,272,1059.877,109479059.45200,0
1762393320000,103329.20,103335.80,103265.70,103265.7,237.423,1762393379999,24533927.65010,157,236.377,24425890.05070,0
1762393380000,103300.20,103335.80,103245.50,103245.5,2.163,1762393439999,223382.58410,109,0.490,50634.53850,0
1762393440000,103245.60,103335.80,103243.60,103270.6,470.156,1762393499999,48540803.94610,162,3.695,381557.43120,0
1762393500000,103270.50,103349.40,103250.00,103349.4,1595.396,1762393559999,164846459.82410,321,1594.659,164770346.33450,0
1762393560000,103349.20,103488.20,103347.60,103466.9,3631.726,1762393619999,375459265.35740,591,3628.565,375132565.71410,0
1762393620000,103454.50,103488.10,103380.10,103380.1,301.030,1762393679999,31124553.91940,129,11.938,1234251.96380,0
1762393680000,103379.50,103389.30,103348.20,103349.9,415.485,1762393739999,42947579.39580,159,14.548,1504066.58530,0
1762393740000,103389.20,103389.30,103363.70,103389.2,5.251,1762393799999,542893.63260,84,4.940,510743.14010,0
1762393800000,103389.20,103389.30,103389.20,103389.2,0.838,1762393859999,86640.15630,56,0.067,6927.08310,0
1762393860000,103389.30,103407.70,103389.20,103407.6,1101.916,1762393919999,113933500.79900,238,1101.528,113893385.49450,0
1762393920000,103398.50,103414.20,103397.40,103409.9,904.710,1762393979999,93558083.38250,221,903.466,93429443.61120,0
1762393980000,103414.10,103414.20,103409.90,103412.5,1.819,1762394039999,188108.66420,52,1.425,147365.07160,0
1762394040000,103409.90,103423.70,103396.80,103396.8,1.761,1762394099999,182114.23260,90,1.158,119762.49320,0
1762394100000,103423.60,103423.70,103389.60,103393.0,2.041,1762394159999,211052.27500,100,0.932,96390.88470,0
1762394160000,103393.10,103420.40,103389.60,103389.6,7.606,1762394219999,786572.93030,104,0.518,53568.09490,0
1762394220000,103391.60,103393.10,103379.80,103379.8,8.933,1762394279999,923528.25360,127,1.707,176490.01910,0
1762394280000,103383.50,103392.20,103350.70,103350.7,138.556,1762394339999,14323275.62290,289,0.487,50351.92050,0
1762394340000,103350.80,103391.90,103323.60,103323.6,1347.007,1762394399999,139192209.59740,333,1.474,152308.74470,0
1762394400000,103322.40,103349.80,103319.90,103343.3,484.653,1762394459999,50074474.86120,135,0.137,14157.86300,0
1762394460000,103349.80,103349.80,103255.40,103255.4,2445.094,1762394519999,252535623.71290,361,0.586,60562.97970,0
1762394520000,103255.40,103262.30,103231.60,103257.7,1088.382,1762394579999,112368520.59870,334,1.356,140001.59790,0
1762394580000,103262.00,103262.10,103230.20,103230.5,220.387,1762394639999,22755302.67300,229,3.510,362351.86320,0
1762394640000,103230.20,103248.00,103222.50,103222.5,6.943,1762394699999,716793.88970,101,4.270,440859.69090,0
1762394700000,103222.50,103248.00,103210.90,103210.9,7.577,1762394759999,782120.04720,100,0.701,72376.84560,0
1762394760000,103211.00,103226.40,103175.10,103175.1,220.240,1762394819999,22727450.09710,244,0.509,52541.45580,0
1762394820000,103175.10,103226.40,103175.10,103219.2,4.962,1762394879999,512164.38930,83,4.243,437975.20890,0
1762394880000,103193.20,103275.00,103191.10,103260.0,1923.214,1762394939999,198604751.45290,330,1820.591,188007565.40450,0
1762394940000,103259.70,103264.90,103190.30,103190.3,339.442,1762394999999,35027960.73880,178,0.343,35399.71070,0
1762395000000,103190.40,103197.30,103115.90,103115.9,2817.090,1762395059999,290576321.06210,445,0.085,8768.70750,0
1762395060000,103120.00,103120.20,102957.70,102957.7,4770.146,1762395119999,491634286.81840,712,3.332,343548.56020,0
1762395120000,102957.80,103039.30,102931.50,103032.5,1509.364,1762395179999,155436921.67450,301,884.583,91117334.85870,0
1762395180000,103039.20,103039.30,102942.30,102942.3,1992.787,1762395239999,205211476.24470,601,0.289,29758.69040,0
1762395240000,102942.40,102942.40,102913.10,102937.8,184.977,1762395299999,19040196.20550,118,4.152,427398.11390,0
1762395300000,102937.80,102997.40,102927.50,102988.1,4.300,1762395359999,442651.34710,112,1.821,187460.76810,0
1762395360000,102940.00,103061.70,102940.00,103060.0,1430.644,1762395419999,147391771.08880,340,1333.722,137404628.48230,0
1762395420000,103061.60,103098.20,103061.20,103082.8,1754.322,1762395479999,180833064.83570,323,1701.715,175409919.99930,0
1762395480000,103082.80,103082.80,103058.80,103058.8,374.336,1762395539999,38581789.15200,166,0.047,4844.23480,0
1762395540000,103068.40,103069.10,103019.50,103032.6,344.657,1762395599999,35511978.36080,301,5.550,571849.35440,0
1762395600000,103019.60,103037.50,102997.10,102997.2,278.401,1762395659999,28677097.89170,256,4.515,465162.20850,0
1762395660000,102997.30,103021.30,102954.50,102954.5,571.331,1762395719999,58826023.97240,277,0.489,50377.41200,0
1762395720000,102954.50,103021.30,102931.50,102950.4,1959.361,1762395779999,201711880.98650,370,1.331,137050.64370,0
1762395780000,102950.40,102950.50,102925.10,102925.1,14.575,1762395839999,1500240.40400,96,3.700,380913.98490,0
1762395840000,102925.20,102946.00,102888.30,102888.3,1633.509,1762395899999,168084944.07270,381,4.403,453223.03680,0
1762395900000,102914.40,102935.40,102844.80,102844.8,1776.280,1762395959999,182704855.92770,350,14.621,1503924.85220,0
1762395960000,102844.80,102845.10,102822.50,102830.1,208.329,1762396019999,21424886.07860,221,2.014,207116.58780,0
1762396020000,102830.10,102841.60,102821.30,102834.7,266.715,1762396079999,27424956.47910,166,105.267,10824661.06190,0
1762396080000,102821.40,102845.80,102821.30,102845.8,2.992,1762396139999,307666.69270,98,1.447,148807.48010,0
1762396140000,102846.20,102931.80,102821.30,102865.3,2652.852,1762396199999,272914217.53320,425,2651.631,272788632.94380,0
1762396200000,102852.90,102893.30,102848.80,102859.2,4.222,1762396259999,434255.68600,81,1.153,118594.67370,0
1762396260000,102859.20,102947.40,102848.80,102947.4,603.960,1762396319999,62150786.37420,264,602.776,62028993.59640,0
1762396320000,102934.90,102965.10,102931.70,102965.1,47.362,1762396379999,4875688.19550,127,39.526,4069106.34700,0
1762396380000,102969.80,103056.80,102931.70,103056.6,3997.815,1762396439999,411844883.63570,665,3916.323,403446823.16450,0
1762396440000,103056.70,103056.90,103029.90,103029.9,362.252,1762396499999,37327692.39860,313,34.107,3514959.16010,0
1762396500000,103029.90,103127.20,103022.30,103112.9,2874.235,1762396559999,296309254.04960,509,2503.096,258039043.42550,0
1762396560000,103111.00,103118.10,103107.70,103118.1,384.349,1762396619999,39631826.80740,310,270.204,27862413.64520,0
1762396620000,103118.00,103158.80,103107.30,103148.2,1575.862,1762396679999,162535673.81220,544,1558.958,160792325.29010,0
1762396680000,103148.20,103168.00,103138.10,103168.0,21.069,1762396739999,2173271.03600,178,15.298,1578060.90520,0
1762396740000,103167.90,103175.50,103138.10,103175.5,207.094,1762396799999,21366285.36220,202,201.567,20796131.44130,0
1762396800000,103162.50,103294.10,103162.30,103275.1,2849.524,1762396859999,294123556.91170,536,2748.744,283713936.99050,0
1762396860000,103294.00,103302.40,103257.30,103302.4,731.864,1762396919999,75600699.68910,299,730.144,75423074.92670,0
1762396920000,103294.00,103389.20,103274.60,103388.3,3781.800,1762396979999,390776152.33030,548,3778.733,390459341.94570,0
1762396980000,103388.70,104396.30,103382.30,103382.3,887.327,1762397039999,91748388.16270,360,481.496,49781893.26080,0
1762397040000,103382.40,103385.80,103321.30,103321.3,409.722,1762397099999,42347097.59380,242,3.783,391064.40740,0
1762397100000,103339.80,103365.70,103308.60,103337.4,93.199,1762397159999,9628281.73650,100,0.849,87727.50680,0
1762397160000,103308.80,104396.30,103308.60,103476.7,1005.961,1762397219999,104019607.60390,322,837.093,86539870.74620,0
1762397220000,103476.70,104396.30,103420.10,103457.0,227.962,1762397279999,23581711.26240,180,7.579,784388.63430,0
1762397280000,103420.20,103537.70,103420.10,103473.8,2194.732,1762397339999,227150157.86430,334,2194.075,227082173.96360,0
1762397340000,103537.70,104396.30,103420.10,103460.0,722.180,1762397399999,74701576.98630,285,84.323,8721953.93890,0
1762397400000,103437.60,103493.10,103420.20,103493.1,16.670,1762397459999,1725119.76020,93,16.384,1695530.24140,0
1762397460000,103493.10,103509.00,103451.20,103504.0,895.312,1762397519999,92663063.18590,224,782.560,80995088.45730,0
1762397520000,103504.00,104396.30,103412.80,103413.2,356.250,1762397579999,36844222.02780,249,5.401,559693.11740,0
1762397580000,103413.20,103413.20,103389.30,103400.0,660.232,1762397639999,68271197.05720,283,2.547,263393.28110,0
1762397640000,103399.90,104000.00,103389.10,103400.0,66.212,1762397699999,6846561.56460,139,2.822,291887.85050,0
1762397700000,103400.00,104300.00,103400.00,103424.7,1153.157,1762397759999,119254795.18130,308,617.489,63856346.56880,0
1762397760000,103424.60,103474.00,103424.60,103474.0,62.720,1762397819999,6489108.61300,184,60.777,6288154.59820,0
1762397820000,103474.80,103802.90,103424.60,103456.8,545.149,1762397879999,56408329.92840,199,452.939,46868524.63420,0
1762397880000,103456.80,103456.80,103416.10,103416.1,336.206,1762397939999,34776832.39140,215,0.744,76970.16690,0
1762397940000,103429.50,103429.60,103309.00,103309.0,2562.191,1762397999999,264861691.35020,368,1.037,107190.75430,0
1762398000000,103309.00,103330.60,103308.80,103330.6,1934.101,1762398059999,199825798.89770,368,1876.396,193864354.43020,0
1762398060000,103330.60,103356.00,103308.80,103356.0,2058.983,1762398119999,212782369.35590,352,2058.325,212714380.11240,0
1762398120000,103355.90,103389.10,103348.50,103389.1,1027.861,1762398179999,106262531.41550,392,1026.962,106169611.03790,0
1762398180000,103389.10,103420.80,103358.20,103409.8,1621.475,1762398239999,167663177.19000,454,1212.966,125418972.85330,0
1762398240000,103400.30,104024.70,103400.10,103438.9,183.388,1762398299999,18970931.08880,254,50.874,5262807.04000,0
1762398300000,103438.80,103455.80,103401.90,103455.8,633.971,1762398359999,65584034.05020,235,633.157,65499854.31910,0
1762398360000,103402.00,103991.70,103400.10,103991.7,215.058,1762398419999,22238518.92280,134,1.032,106790.33290,0
1762398420000,103991.70,103991.70,103449.20,103449.2,386.981,1762398479999,40039462.62790,186,287.219,29717877.69030,0
1762398480000,103449.20,103459.90,103312.60,103312.6,3297.418,1762398539999,340842606.14090,662,153.736,15883346.33010,0
1762398540000,103315.70,103522.30,103315.60,103520.1,3472.707,1762398599999,359125266.25640,553,3472.362,359089573.67130,0
1762398600000,103520.10,103950.00,103493.40,103650.0,587.095,1762398659999,60770979.96440,280,68.152,7055203.36020,0
1762398660000,103559.60,103949.90,103486.00,103506.1,465.666,1762398719999,48194033.16610,177,110.433,11430327.44140,0
1762398720000,103486.20,103522.20,103486.20,103508.6,217.041,1762398779999,22466154.95370,129,215.659,22323105.94810,0
1762398780000,103508.70,103949.90,103489.20,103532.0,53.315,1762398839999,5517609.23880,98,0.503,52088.89080,0
1762398840000,103606.90,103950.00,103478.80,103522.2,1236.566,1762398899999,127966214.66850,314,1.497,154925.29960,0
1762398900000,103564.90,103950.00,103502.10,103534.6,371.084,1762398959999,38415085.77580,169,263.625,27292116.03110,0
1762398960000,103534.60,103698.50,103502.10,103698.5,5216.094,1762399019999,540393435.20740,870,5212.672,540039158.44250,0
1762399020000,103694.40,103718.70,103643.80,103718.7,774.320,1762399079999,80305180.11760,176,773.673,80238106.79130,0
1762399080000,103709.40,103890.20,103590.90,103867.6,1416.540,1762399139999,146985886.70780,262,1409.914,146298390.33810,0
1762399140000,103917.90,103950.00,103845.40,103856.9,66.519,1762399199999,6908110.14320,119,2.307,239642.67350,0
1762399200000,103845.50,103856.90,103508.60,103856.9,683.218,1762399259999,70884301.85300,326,24.275,2518855.45400,0
1762399260000,103898.50,103950.00,103727.50,103727.5,224.508,1762399319999,23293131.40790,267,1.342,139251.36520,0
1762399320000,103727.50,103760.20,103694.20,103737.5,392.590,1762399379999,40715193.07170,290,9.419,976778.99490,0
1762399380000,103737.50,104530.00,103672.90,103672.9,316.000,1762399439999,32793919.08880,258,166.073,17241935.85530,0
1762399440000,103673.00,103701.60,103653.20,103663.7,1802.305,1762399499999,186832956.35240,439,127.572,13223993.33950,0
1762399500000,103671.30,104500.00,103641.30,103655.3,496.433,1762399559999,51454925.77430,241,15.189,1574441.29420,0
1762399560000,103641.40,103714.00,103641.30,103641.4,10.065,1762399619999,1043398.08910,99,5.190,538145.63090,0
1762399620000,103641.40,103681.00,103603.70,103663.1,333.556,1762399679999,34575679.94750,184,106.889,11080242.67220,0
1762399680000,103663.00,103663.20,103609.80,103609.8,517.684,1762399739999,53653213.56460,161,2.419,250735.06550,0
1762399740000,103608.30,103652.30,103516.90,103554.6,3389.626,1762399799999,351081961.54220,505,3.327,344500.11770,0
1762399800000,103517.00,104213.00,103508.60,103664.6,194.493,1762399859999,20163268.70200,221,93.841,9730033.09580,0
1762399860000,103664.70,104500.00,103625.50,103625.5,70.457,1762399919999,7303076.53730,140,38.344,3974530.66270,0
1762399920000,103625.60,104400.00,103508.60,103596.9,451.641,1762399979999,46796778.19670,166,4.440,460244.55740,0
1762399980000,103596.90,103602.60,103584.00,103584.0,203.712,1762400039999,21104497.86280,204,137.937,14290234.67250,0
1762400040000,103596.90,103601.90,103565.00,103578.6,865.120,1762400099999,89603871.95890,216,2.756,285464.52440,0
1762400100000,103578.50,103644.00,103565.00,103644.0,3448.096,1762400159999,357276312.05740,484,3445.678,357025890.40580,0
1762400160000,103643.90,103690.60,103643.20,103689.2,1344.669,1762400219999,139379205.55980,412,1339.968,138891768.77210,0
1762400220000,103688.80,104500.00,103508.60,103666.7,127.155,1762400279999,13186695.01890,187,8.280,862535.86050,0
1762400280000,103666.60,103703.80,103666.50,103690.5,18.822,1762400339999,1951695.13700,85,17.926,1858809.92880,0
1762400340000,103703.80,104500.00,103593.00,103727.1,801.576,1762400399999,83133086.25280,215,796.566,82613448.77350,0
1762400400000,103726.90,103727.10,103714.20,103714.2,13.489,1762400459999,1399174.55180,87,12.850,1332893.23480,0
1762400460000,103727.00,104500.00,103630.00,103642.5,2857.886,1762400519999,296247007.70940,636,5.951,617649.31310,0
1762400520000,103630.10,103635.60,103576.90,103576.9,2973.883,1762400579999,308113659.44850,721,1.825,189119.37780,0
1762400580000,103581.30,103618.90,102917.10,103618.9,1273.299,1762400639999,131912651.82400,372,1269.855,131556227.00670,0
1762400640000,103618.90,103622.80,103512.40,103613.9,285.801,1762400699999,29615425.40840,154,284.932,29525383.22960,0
1762400700000,103622.60,103622.80,103580.90,103612.7,7.608,1762400759999,788339.42840,109,6.940,719141.30830,0
1762400760000,103609.50,104225.50,103603.70,103633.2,141.980,1762400819999,14714734.58530,214,121.169,12557858.23900,0
1762400820000,103633.10,103633.20,103622.40,103622.4,7.998,1762400879999,828857.16320,115,7.690,796939.30380,0
1762400880000,103617.40,103633.20,103595.20,103628.0,860.169,1762400939999,89119165.55640,196,1.936,200613.27870,0
1762400940000,103628.10,103628.50,103619.90,103620.0,827.015,1762400999999,85696832.21920,291,0.626,64870.80480,0
1762401000000,103619.80,103626.10,103612.80,103626.1,388.344,1762401059999,40238800.50340,318,186.529,19328114.63970,0
1762401060000,103620.00,103626.10,103600.00,103619.4,2.975,1762401119999,308273.96640,78,1.626,168495.89190,0
1762401120000,103600.10,103774.90,103600.00,103600.0,2500.943,1762401179999,259219234.81840,450,2098.868,217540046.92340,0
1762401180000,103659.40,103659.50,103628.80,103629.4,0.816,1762401239999,84571.36010,90,0.323,33482.01530,0
1762401240000,103629.40,103641.90,103594.70,103614.9,1235.098,1762401299999,127962735.17300,247,236.293,24483012.98900,0
1762401300000,103620.30,103627.80,103614.70,103627.7,713.209,1762401359999,73905111.42710,211,650.864,67444953.72160,0
1762401360000,103627.70,103627.80,103603.40,103627.8,3.259,1762401419999,337706.77310,54,0.154,15958.68080,0
1762401420000,103627.70,104400.00,103607.90,103660.2,565.631,1762401479999,58642680.16060,151,77.097,7992540.18580,0
1762401480000,103594.90,103874.70,103593.00,103647.2,353.560,1762401539999,36644464.76760,196,1.669,173005.62730,0
1762401540000,103647.20,103895.30,103579.20,103579.9,1245.229,1762401599999,129005093.53790,334,1.118,115906.83520,0
1762401600000,103579.90,103601.70,103579.20,103601.7,879.069,1762401659999,91068216.20930,230,874.882,90634528.87830,0
1762401660000,103591.80,103905.70,103545.20,103545.2,2470.346,1762401719999,255844826.04900,433,2.790,289062.96860,0
1762401720000,103545.20,104030.10,103545.20,103574.1,231.941,1762401779999,24022206.10910,159,184.543,19113350.35690,0
1762401780000,103574.10,103819.40,103568.30,103568.3,1120.402,1762401839999,116047413.44180,282,739.107,76553676.08850,0
1762401840000,103568.30,104045.80,103559.40,103560.1,1124.263,1762401899999,116431631.50190,274,1.776,184180.25630,0
1762401900000,103560.10,103604.80,103559.50,103604.8,1.215,1762401959999,125837.11210,84,0.732,75817.87050,0
1762401960000,103604.80,103622.70,103559.50,103559.5,2.650,1762402019999,274583.91790,59,2.522,261326.41830,0
1762402020000,103590.10,103971.00,103560.80,103568.5,87.177,1762402079999,9028924.07890,109,3.241,335894.62820,0
1762402080000,103564.80,103900.00,103552.40,103554.0,588.030,1762402139999,60896935.70450,232,11.266,1167071.73200,0
1762402140000,103554.00,103879.20,103553.90,103581.2,512.808,1762402199999,53109371.78340,182,478.030,49506854.97890,0
1762402200000,103581.20,103593.50,103581.20,103581.5,4.182,1762402259999,433207.95180,74,4.117,426475.17010,0
1762402260000,103595.30,103605.60,103588.40,103600.7,196.709,1762402319999,20379064.83320,105,196.123,20318358.07510,0
1762402320000,103600.60,103867.60,103594.40,103655.3,1040.362,1762402379999,107820092.03060,187,773.781,80185451.83230,0
1762402380000,103655.40,103783.40,103652.90,103774.7,3350.747,1762402439999,347564701.18970,437,3349.962,347483271.31160,0
1762402440000,103774.80,103799.90,103624.40,103779.9,915.811,1762402499999,95055112.30200,260,912.219,94682395.48790,0
1762402500000,103798.10,103799.90,103779.90,103798.2,3.810,1762402559999,395450.02460,122,1.838,190781.15960,0
1762402560000,103798.30,104300.00,103652.30,103718.2,775.382,1762402619999,80448015.15710,239,1.576,163632.43030,0
1762402620000,103716.60,103723.70,103716.60,103717.8,300.343,1762402679999,31151429.84780,210,183.411,19023482.52090,0
1762402680000,103717.00,103754.10,103594.40,103753.8,1586.211,1762402739999,164557833.71650,355,1585.183,164451307.87290,0
1762402740000,103754.10,104000.90,103587.90,103711.3,73.520,1762402799999,7624626.82020,103,17.532,1818728.71530,0
1762402800000,103712.90,104000.90,103701.00,103732.3,761.968,1762402859999,79020323.50600,330,84.717,8786270.13620,0
1762402860000,103763.40,104000.90,103587.90,103704.8,553.227,1762402919999,57387580.09880,175,261.744,27155052.36010,0
1762402920000,103706.40,103709.40,103590.10,103704.3,303.823,1762402979999,31507382.30850,136,232.458,24106827.55300,0
1762402980000,103918.90,104300.00,103653.60,103718.3,225.708,1762403039999,23405626.27360,150,59.618,6182925.43950,0
1762403040000,103787.30,103787.30,103718.10,103731.7,6.852,1762403099999,710688.09580,81,4.218,437494.39980,0
1762403100000,103718.30,103770.20,103718.20,103766.2,1465.864,1762403159999,152087347.08340,303,1465.330,152031949.04780,0
1762403160000,103766.20,104200.00,103624.90,103739.1,197.508,1762403219999,20492852.80620,145,2.944,305718.05070,0
1762403220000,103801.70,103801.70,103741.60,103743.0,200.391,1762403279999,20789239.28660,133,2.686,278650.45340,0
1762403280000,103745.40,103897.40,103645.10,103720.7,229.444,1762403339999,23798432.74930,127,0.512,53135.71810,0
1762403340000,103720.80,103847.40,103716.00,103716.1,256.006,1762403399999,26552399.64930,145,4.627,479932.03050,0
1762403400000,103716.00,104200.00,103698.00,103698.1,1290.741,1762403459999,133863084.09980,239,8.501,882351.13910,0
1762403460000,103698.00,104300.00,103698.00,104300.0,14.007,1762403519999,1452800.69250,88,13.389,1388715.32850,0
1762403520000,103698.00,104300.00,103681.80,103690.0,383.951,1762403579999,39811601.00280,191,21.625,2242664.99930,0
1762403580000,103690.00,104400.00,103681.80,103875.8,382.776,1762403639999,39693054.10410,221,219.479,22758429.67210,0
1762403640000,103746.60,103829.60,103691.90,103829.6,26.109,1762403699999,2707397.39470,90,7.557,783614.77330,0
1762403700000,103908.90,103909.00,103631.50,103723.1,296.106,1762403759999,30711010.87380,111,146.468,15192028.81320,0
1762403760000,103723.10,103880.40,103664.80,103664.8,1062.389,1762403819999,110172547.99380,316,0.716,74227.80630,0
1762403820000,103667.00,103682.20,103664.50,103675.2,757.031,1762403879999,78486156.56900,417,674.526,69933295.88910,0
1762403880000,103675.30,103687.80,103664.00,103687.8,258.849,1762403939999,26838276.17750,127,229.906,23837869.56630,0
1762403940000,103687.80,103750.20,103664.00,103746.3,865.169,1762403999999,89726533.15590,232,862.232,89422049.88520,0
1762404000000,103746.40,103912.60,103724.70,103725.7,316.486,1762404059999,32830416.45820,149,1.678,174096.05960,0
1762404060000,103725.60,103764.50,103725.60,103764.5,1394.831,1762404119999,144721290.61950,342,1394.504,144687361.03390,0
1762404120000,103760.10,103788.00,103760.00,103788.0,3.790,1762404179999,393316.90150,92,3.761,390307.73460,0
1762404180000,103790.80,103801.20,103600.00,103801.2,210.886,1762404239999,21888844.23090,140,197.948,20546366.91840,0
1762404240000,103781.60,103822.30,103688.80,103803.8,630.316,1762404299999,65429671.61070,165,629.729,65368738.26450,0
1762404300000,103826.10,104176.40,103812.70,104170.5,6006.192,1762404359999,624256274.43100,775,5932.606,616590934.91510,0
1762404360000,104170.60,104176.40,104046.90,104047.3,2275.669,1762404419999,236916347.08370,385,11.536,1200385.85120,0
1762404420000,104047.30,104073.10,104046.90,104073.1,773.629,1762404479999,80511463.06170,271,773.032,80449346.04990,0
1762404480000,104073.00,104074.60,104058.10,104058.1,58.357,1762404539999,6073028.93200,180,11.803,1228377.08650,0
1762404540000,104062.30,104069.60,104041.70,104041.7,1228.233,1762404599999,127799894.49940,332,101.997,10614704.76510,0
1762404600000,104041.80,104069.60,103957.30,103957.3,3347.925,1762404659999,348172380.28130,762,2.998,311907.09130,0
1762404660000,103957.30,103988.10,103600.00,103974.0,631.282,1762404719999,65637686.25050,227,246.743,25654536.20680,0
1762404720000,103974.00,103978.60,103968.80,103978.6,252.575,1762404779999,26261066.05050,121,72.318,7519126.84430,0
1762404780000,103978.60,103998.60,103978.60,103988.2,99.291,1762404839999,10325808.78710,95,98.653,10259463.94040,0
1762404840000,103992.90,103995.40,103982.90,103982.9,8.464,1762404899999,880184.35960,137,5.428,564476.74520,0
1762404900000,103983.00,103995.40,103600.00,103898.9,33.039,1762404959999,3434267.85020,150,2.582,268326.56490,0
1762404960000,103899.90,103906.70,103890.10,103896.1,75.957,1762405019999,7891962.54170,128,75.421,7836272.79850,0
1762405020000,103896.00,103905.00,103890.00,103890.1,104.684,1762405079999,10876233.51620,166,99.749,10363535.87170,0
1762405080000,103892.60,103900.80,103890.00,103895.5,12.215,1762405139999,1269030.34280,93,1.858,193041.18570,0
1762405140000,103895.50,103911.90,103895.50,103911.9,1548.661,1762405199999,160918630.54360,274,1542.154,160242524.30260,0
1762405200000,103904.80,103953.60,103900.60,103953.1,212.047,1762405259999,22042483.42990,189,108.177,11244875.15730,0
1762405260000,103953.10,103959.00,103932.30,103947.4,589.237,1762405319999,61250163.46600,307,330.209,34327659.74140,0
1762405320000,103932.40,103939.30,103848.70,103848.7,3078.750,1762405379999,319827490.33930,473,1.036,107605.08980,0
1762405380000,103848.60,103939.30,103848.50,103882.4,352.608,1762405439999,36623421.61850,117,193.790,20125012.62500,0
1762405440000,103882.40,103882.50,103860.20,103863.8,1023.146,1762405499999,106270793.71270,236,2.704,280898.27770,0
1762405500000,103863.70,103910.00,103590.10,103848.1,386.800,1762405559999,40171143.16130,189,143.613,14916195.72440,0
1762405560000,103848.10,103849.60,103840.10,103840.2,80.813,1762405619999,8392266.33810,86,0.132,13707.95550,0
1762405620000,103848.10,103848.20,103789.70,103789.7,3.799,1762405679999,394333.44910,123,0.236,24508.16770,0
1762405680000,103789.80,103939.30,103598.40,103762.5,489.194,1762405739999,50772367.28120,163,5.468,568063.54240,0
1762405740000,103763.20,103939.30,103590.10,103605.4,1494.852,1762405799999,155092613.20360,245,2.809,291481.71550,0
1762405800000,103605.40,103939.30,103590.10,103631.9,161.477,1762405859999,16730835.19210,124,4.401,456121.42070,0
1762405860000,103631.80,103636.60,103427.40,103427.4,3170.028,1762405919999,328193786.91000,580,7.260,751314.42030,0
1762405920000,103427.40,103433.20,103419.80,103433.1,4.647,1762405979999,480630.46700,122,1.050,108604.60330,0
1762405980000,103433.20,103433.20,103405.10,103428.9,522.987,1762406039999,54087177.53690,221,257.336,26614931.89160,0
1762406040000,103428.90,103471.20,103405.80,103471.2,36.046,1762406099999,3728198.50540,118,35.161,3636682.60420,0
1762406100000,103471.10,103471.40,103389.80,103389.8,412.177,1762406159999,42616692.69120,184,2.252,232947.77680,0
1762406160000,103389.80,103405.80,103382.00,103405.8,177.674,1762406219999,18369636.11730,111,0.561,58009.35380,0
1762406220000,103405.70,103405.80,103381.50,103405.8,98.559,1762406279999,10190573.38050,135,1.244,128636.53370,0
1762406280000,103381.60,103495.20,103381.50,103464.5,2220.974,1762406339999,229772716.34890,322,2218.719,229539568.59460,0
1762406340000,103495.10,103939.30,103459.70,103498.7,344.646,1762406399999,35670408.37570,190,343.573,35559393.26400,0
1762406400000,103498.70,103939.30,103481.90,103484.2,205.909,1762406459999,21310200.51240,185,129.494,13402621.53640,0
1762406460000,103484.20,103978.70,103479.60,103490.1,495.508,1762406519999,51279513.59040,169,493.444,51065926.43930,0
1762406520000,103480.70,103578.20,103475.00,103578.2,2718.823,1762406579999,281483412.29130,384,2621.975,271462018.90370,0
1762406580000,103578.10,103578.20,103570.40,103573.9,0.763,1762406639999,79026.82410,84,0.722,74780.41790,0
1762406640000,103570.70,103590.30,103508.20,103590.3,235.033,1762406699999,24345064.85970,163,150.518,15591944.67750,0
1762406700000,103590.30,103599.00,103551.00,103599.0,733.997,1762406759999,76039768.91310,229,733.166,75953685.76650,0
1762406760000,103599.00,103900.00,103579.60,103579.6,2185.451,1762406819999,226437044.60930,390,1339.708,138804209.81870,0
1762406820000,103579.50,103599.90,103552.20,103552.2,471.964,1762406879999,48885502.93610,230,254.852,26398051.98720,0
1762406880000,103551.10,103978.70,103487.60,103487.6,3367.837,1762406939999,348604731.66800,534,4.146,430244.72790,0
1762406940000,103487.70,103488.30,103473.90,103473.9,784.328,1762406999999,81164336.99160,343,1.032,106790.26340,0
1762407000000,103474.00,103487.40,103470.80,103470.8,195.982,1762407059999,20278530.04260,124,1.337,138356.06170,0
1762407060000,103481.70,103488.20,103325.40,103339.9,4228.393,1762407119999,437251598.36320,585,1.540,159210.49420,0
1762407120000,103325.40,103339.90,103303.90,103339.9,1.918,1762407179999,198194.24910,107,1.270,131241.58090,0
1762407180000,103323.10,103339.90,103281.50,103281.5,3.210,1762407239999,331553.51750,125,0.240,24801.53440,0
1762407240000,103281.60,103346.30,103281.50,103340.7,0.759,1762407299999,78409.43240,87,0.188,19427.54480,0
1762407300000,103340.70,103380.20,103318.00,103380.1,77.184,1762407359999,7979223.89580,76,77.040,7964345.50620,0
1762407360000,103380.10,103380.40,103280.10,103281.1,1422.215,1762407419999,146937909.71760,383,103.116,10659889.10340,0
1762407420000,103281.10,103282.30,103252.40,103252.4,1057.211,1762407479999,109170946.60340,364,3.686,380693.20010,0
1762407480000,103252.40,103277.90,103112.90,103127.5,4026.723,1762407539999,415490560.61380,628,3.047,314312.60350,0
1762407540000,103127.40,103155.60,103087.60,103087.6,1239.950,1762407599999,127836359.14570,274,3.448,355621.47320,0
1762407600000,103101.10,103155.60,103087.60,103155.5,3.011,1762407659999,310598.31740,77,2.095,216110.59610,0
1762407660000,103155.60,103198.30,103155.50,103198.3,1096.364,1762407719999,113107369.89970,188,1095.715,113040421.98010,0
1762407720000,103176.00,103238.60,103155.50,103230.2,2012.600,1762407779999,207742075.37280,339,2010.109,207485109.91920,0
1762407780000,103238.50,103242.90,103210.80,103242.9,229.428,1762407839999,23686000.09180,161,221.213,22837963.29700,0
1762407840000,103219.40,103219.40,103200.00,103214.4,203.811,1762407899999,21035437.46560,132,1.539,158842.22400,0
1762407900000,103214.30,103259.80,103200.00,103259.8,1391.764,1762407959999,143698444.41300,351,1385.510,143052927.80170,0
1762407960000,103255.90,103266.60,103245.40,103266.6,267.181,1762408019999,27589702.99460,162,264.661,27329501.97760,0
1762408020000,103266.60,103266.60,103217.30,103217.3,71.854,1762408079999,7419988.38550,97,67.392,6959342.70100,0
1762408080000,103216.60,103241.00,103160.00,103167.6,1991.204,1762408139999,205469975.29580,492,4.036,416604.38100,0
1762408140000,103169.00,103188.10,103162.60,103188.1,298.089,1762408199999,30755045.33930,129,297.911,30736679.66520,0
1762408200000,103178.00,103197.60,103177.90,103185.1,0.859,1762408259999,88640.18740,101,0.366,37770.00270,0
1762408260000,103193.90,103197.60,103161.30,103165.0,9.279,1762408319999,957393.26870,90,2.897,298963.44500,0
1762408320000,103178.80,103193.30,103150.00,103187.1,201.182,1762408379999,20752050.57560,123,3.209,331106.84560,0
1762408380000,103193.10,103193.30,103144.70,103185.1,2.852,1762408439999,294297.94760,100,1.876,193590.62540,0
1762408440000,103185.10,103193.30,103089.80,103094.4,2421.466,1762408499999,249665480.52570,471,1.788,184473.08820,0
1762408500000,103112.10,103112.20,103084.10,103086.4,578.073,1762408559999,59590322.69690,163,1.624,167435.75960,0
1762408560000,103084.30,103086.40,103072.30,103085.8,1424.176,1762408619999,146802235.04010,303,1.156,119159.66850,0
1762408620000,103085.80,103091.00,103059.70,103078.1,299.352,1762408679999,30860320.52570,158,295.416,30454625.90360,0
1762408680000,103058.50,103094.30,103058.40,103071.3,4.401,1762408739999,453661.72870,95,2.617,269793.61240,0
1762408740000,103071.30,103095.20,103065.10,103095.2,6.206,1762408799999,639800.69670,110,5.916,609906.19580,0
1762408800000,103082.40,103105.80,103082.10,103082.2,278.683,1762408859999,28732369.63940,124,277.177,28577116.28970,0
1762408860000,103082.20,103200.90,103082.10,103182.7,2332.100,1762408919999,240585947.35110,396,2331.036,240476195.87900,0
1762408920000,103181.40,103200.90,103159.90,103165.5,200.171,1762408979999,20651017.59420,131,4.765,491750.48580,0
1762408980000,103200.80,103204.70,103165.50,103204.7,464.980,1762409039999,47987259.92400,161,464.634,47951558.74900,0
1762409040000,103204.60,103213.90,103196.10,103196.2,1120.579,1762409099999,115656299.75090,283,1120.071,115603869.68710,0
1762409100000,103196.30,103213.90,103150.20,103178.0,4.046,1762409159999,417576.61690,120,3.125,322543.43170,0
1762409160000,103178.10,103213.90,103159.70,103159.7,195.404,1762409219999,20159083.37930,133,0.203,20952.09630,0
1762409220000,103189.20,103213.90,103160.60,103171.4,0.754,1762409279999,77791.74120,71,0.094,9702.06410,0
1762409280000,103171.50,103171.50,103093.90,103093.9,2036.740,1762409339999,210046927.93400,481,4.628,477223.79870,0
1762409340000,103094.10,103101.60,102977.30,103007.8,3551.306,1762409399999,365999133.58700,573,106.366,10956202.70840,0
1762409400000,103000.10,103092.40,103000.00,103090.9,554.007,1762409459999,57090309.03230,239,433.972,44720947.86750,0
1762409460000,103092.30,103107.10,103090.90,103098.4,572.403,1762409519999,59013155.97890,223,376.478,38813317.05550,0
1762409520000,103098.50,103209.10,103098.40,103153.0,1292.842,1762409579999,133397851.59790,273,1260.977,130112364.01090,0
1762409580000,103209.00,103209.10,103157.80,103168.8,1.932,1762409639999,199333.85710,61,0.605,62441.50380,0
1762409640000,103157.90,103213.00,103157.80,103213.0,2.550,1762409699999,263077.32150,81,1.238,127729.94850,0
1762409700000,103213.00,103284.50,103213.00,103284.5,4305.871,1762409759999,444541542.35390,608,4229.278,436635729.73360,0
1762409760000,103284.40,103300.00,103284.40,103298.8,188.039,1762409819999,19422091.00720,162,187.126,19327792.11760,0
1762409820000,103300.00,103300.00,103266.40,103299.7,0.898,1762409879999,92741.74620,78,0.142,14668.04780,0
1762409880000,103284.50,103403.10,103266.40,103368.5,2799.798,1762409939999,289340649.77780,436,2799.470,289306766.99190,0
1762409940000,103403.00,103403.10,103309.30,103311.2,1569.457,1762409999999,162152045.25540,390,2.604,269091.12050,0
1762410000000,103309.40,103311.50,103272.60,103300.5,412.977,1762410059999,42656800.00760,283,2.308,238432.56470,0
1762410060000,103300.40,103378.80,103272.60,103378.8,2543.663,1762410119999,262908230.69670,410,2512.554,259692491.79830,0
1762410120000,103378.70,103473.00,103378.70,103446.2,2019.140,1762410179999,208813731.89360,365,1998.330,206660942.92900,0
1762410180000,103446.20,103473.00,103442.70,103467.3,10.407,1762410239999,1076834.57590,94,9.902,1024589.27150,0
1762410240000,103467.40,103467.60,103435.60,103435.6,605.638,1762410299999,62656262.93830,290,55.504,5742855.33600,0
1762410300000,103435.60,103467.50,103413.70,103417.0,171.501,1762410359999,17737759.23560,291,4.425,457734.00130,0
1762410360000,103413.70,103438.20,103412.10,103438.2,207.669,1762410419999,21478064.43420,148,159.348,16481060.99380,0
1762410420000,103438.10,103442.80,103417.20,103417.3,105.743,1762410479999,10938043.97580,96,101.493,10498519.51960,0
1762410480000,103417.30,103436.50,103400.00,103411.4,1.251,1762410539999,129370.13350,88,0.435,44987.13370,0
1762410540000,103417.10,104000.00,103390.40,103473.5,5.532,1762410599999,572829.47460,137,4.390,454745.80600,0
1762410600000,103469.10,103657.10,103390.40,103540.9,867.929,1762410659999,89820546.60050,241,817.298,84581196.21480,0
1762410660000,103540.90,104000.00,103420.00,103420.0,2346.874,1762410719999,242874144.58410,454,323.462,33493244.15250,0
1762410720000,103420.10,103420.40,103330.30,103330.9,2348.725,1762410779999,242798237.95360,383,50.901,5262659.37470,0
1762410780000,103330.80,103330.90,103225.30,103237.7,3335.167,1762410839999,344461036.27570,551,6.332,654142.71630,0
1762410840000,103226.20,103336.20,103225.30,103336.2,1095.947,1762410899999,113232200.64800,288,1093.302,112959029.79810,0
1762410900000,103335.10,103336.20,103325.10,103330.0,1.007,1762410959999,104054.35940,92,0.140,14467.06170,0
1762410960000,103330.00,103375.80,103308.00,103375.8,548.959,1762411019999,56731979.85570,259,351.748,36357891.19300,0
1762411020000,103375.80,103376.20,103306.30,103306.3,94.262,1762411079999,9744402.83770,138,93.261,9640966.45430,0
1762411080000,103306.50,103383.30,103301.90,103377.0,297.453,1762411139999,30729044.19320,146,6.288,650029.25750,0
1762411140000,103383.30,103425.00,103303.10,103303.2,2128.938,1762411199999,220110668.96150,406,1887.677,195178579.18650,0
1762411200000,103303.10,103356.60,103301.90,103356.6,15.690,1762411259999,1620844.23600,95,12.554,1296889.47510,0
1762411260000,103356.50,103359.90,103295.80,103295.8,786.708,1762411319999,81312197.29720,156,786.601,81301140.14030,0
1762411320000,103293.20,103324.00,103293.00,103297.2,8.204,1762411379999,847509.59900,103,3.171,327610.66350,0
1762411380000,103297.30,103310.10,103292.40,103292.4,614.217,1762411439999,63449617.48420,198,457.020,47210576.96090,0
1762411440000,103302.90,103322.40,103292.40,103292.5,11.740,1762411499999,1212884.58890,80,11.161,1153077.94210,0
1762411500000,103297.20,103329.00,103292.30,103299.3,744.741,1762411559999,76941252.71660,296,292.926,30265609.22870,0
1762411560000,103297.10,103349.70,103297.10,103332.1,60.283,1762411619999,6230016.48060,96,59.885,6188890.60810,0
1762411620000,103349.50,103363.00,103331.90,103363.0,2.526,1762411679999,261079.95580,152,2.175,224809.02040,0
1762411680000,103349.40,103367.20,103331.90,103367.2,3.747,1762411739999,387305.79490,70,3.302,341318.07710,0
1762411740000,103367.10,104000.00,103331.90,103999.9,2007.827,1762411799999,207580452.77070,462,1997.367,206498843.41610,0
1762411800000,103402.90,104000.00,103332.00,103332.0,311.858,1762411859999,32232433.30560,323,7.472,772625.56620,0
1762411860000,103332.10,103400.20,103294.30,103300.0,886.408,1762411919999,91577109.20650,333,32.908,3399426.22630,0
1762411920000,103300.10,103300.20,103286.40,103286.4,195.217,1762411979999,20164529.36880,211,110.211,11384315.99100,0
1762411980000,103295.10,103295.30,103275.10,103285.4,145.428,1762412039999,15019894.93210,240,1.852,191289.79170,0
1762412040000,103278.20,103302.00,103275.10,103285.4,3.326,1762412099999,343524.47450,108,1.019,105248.84430,0
1762412100000,103285.40,103308.00,103285.40,103308.0,1125.396,1762412159999,116256157.70300,264,1120.852,115786758.04870,0
1762412160000,103303.70,103378.10,103303.70,103378.1,3595.005,1762412219999,371514598.59640,527,3594.438,371456018.73220,0
1762412220000,103378.10,103378.10,103357.40,103368.0,155.781,1762412279999,16101438.36650,115,1.045,108020.88160,0
1762412280000,103368.00,103368.10,103304.20,103368.0,3.712,1762412339999,383699.59500,64,2.999,310000.93110,0
1762412340000,103368.00,103368.10,103294.90,103294.9,166.724,1762412399999,17221993.64230,109,1.287,133034.74370,0
1762412400000,103295.00,103368.10,103271.90,103294.7,2194.468,1762412459999,226666144.41180,394,3.690,381350.07200,0
1762412460000,103294.80,103344.50,103271.90,103313.2,218.217,1762412519999,22541431.80030,131,198.381,20491838.48960,0
1762412520000,103313.30,103325.40,103203.80,103203.8,4949.405,1762412579999,511064679.71540,671,1.404,145068.68600,0
1762412580000,103203.90,103204.70,103176.70,103176.7,1222.457,1762412639999,126151045.72590,322,0.324,33436.90380,0
1762412640000,103176.70,103206.20,103176.70,103206.2,16.718,1762412699999,1725292.42180,94,16.039,1655229.61960,0
1762412700000,103206.00,103250.10,103206.00,103229.0,296.923,1762412759999,30646226.94040,116,296.549,30607620.09280,0
1762412760000,103213.80,103322.40,103213.60,103320.3,2488.583,1762412819999,257023404.05930,409,2487.180,256878490.18950,0
1762412820000,103322.30,103351.80,103322.30,103351.8,373.890,1762412879999,38631958.32550,165,372.708,38509821.92180,0
1762412880000,103351.00,103900.00,103351.00,103475.1,602.641,1762412939999,62352093.42560,278,602.436,62330891.67790,0
1762412940000,103475.10,103486.90,103471.00,103486.9,417.656,1762412999999,43218146.42350,222,417.311,43182446.72480,0
1762413000000,103480.10,103828.60,103371.40,103371.4,1217.242,1762413059999,125879760.26850,320,31.352,3240997.72330,0
1762413060000,103371.50,103404.60,103371.40,103400.7,271.737,1762413119999,28092228.71460,173,271.648,28083027.62200,0
1762413120000,103400.90,103404.60,103276.50,103289.3,3290.339,1762413179999,339940889.68470,562,20.301,2096909.39570,0
1762413180000,103289.20,103301.90,103278.50,103300.9,242.687,1762413239999,25069710.84930,190,219.968,22722818.18300,0
1762413240000,103300.90,103301.90,103252.10,103260.7,1100.421,1762413299999,113641956.24780,320,14.895,1538672.98680,0
1762413300000,103260.60,103261.60,103186.50,103186.5,3434.400,1762413359999,354489361.41350,721,46.447,4795680.59770,0
1762413360000,103186.60,103203.60,103119.60,103119.6,1723.782,1762413419999,177813760.60910,492,1.167,120391.88820,0
1762413420000,103119.60,103138.30,102922.40,102956.6,4974.959,1762413479999,512635786.31380,860,7.961,820532.54840,0
1762413480000,102941.40,102946.40,102901.50,102901.5,728.014,1762413539999,74925680.80780,311,183.717,18908899.86830,0
1762413540000,102900.00,102938.80,102900.00,102905.5,189.405,1762413599999,19492408.18340,158,8.309,855129.01430,0
1762413600000,102901.50,102917.70,102888.70,102905.5,42.356,1762413659999,4358151.93020,193,3.772,388194.37340,0
1762413660000,102918.10,103002.10,102888.70,102999.4,1660.698,1762413719999,171016745.33530,315,1659.391,170882185.55050,0
1762413720000,102999.40,103065.90,102999.40,103065.9,1199.727,1762413779999,123615567.54370,372,1153.075,118808469.15110,0
1762413780000,103065.80,103206.10,103050.70,103206.1,2578.274,1762413839999,265900208.38660,548,2577.958,265867627.52710,0
1762413840000,103185.80,103317.50,103185.70,103317.5,3999.540,1762413899999,413024207.48720,662,3996.821,412743546.42990,0
1762413900000,103317.40,104530.00,103315.50,103411.1,1841.363,1762413959999,190365382.59710,511,1781.383,184164055.20250,0
1762413960000,103411.10,103436.70,103400.90,103436.6,1694.012,1762414019999,175194428.77430,390,1499.713,155103715.62090,0
1762414020000,103436.60,104235.40,103392.00,103392.0,1214.246,1762414079999,125573518.33680,386,406.515,42049512.11030,0
1762414080000,103390.80,103396.00,103386.20,103388.1,22.981,1762414139999,2376112.65740,115,20.060,2074112.70960,0
1762414140000,103395.90,103399.90,103377.20,103399.9,33.624,1762414199999,3476298.49520,123,6.497,671777.94650,0
1762414200000,103399.80,103399.90,103313.50,103317.1,392.094,1762414259999,40531734.59070,188,2.220,229547.43240,0
1762414260000,103317.20,103399.90,103305.00,103305.0,871.490,1762414319999,90032904.01650,296,41.280,4264675.72980,0
1762414320000,103305.10,103307.10,103285.80,103285.8,1226.187,1762414379999,126666701.30320,267,3.407,351943.81030,0
1762414380000,103290.90,103300.20,103181.10,103183.7,2666.644,1762414439999,275296760.30350,514,3.283,338967.38920,0
1762414440000,103181.20,103192.80,103155.10,103192.8,492.016,1762414499999,50764231.14500,164,4.342,448060.05050,0
1762414500000,103191.20,103264.90,103152.00,103252.3,498.248,1762414559999,51424626.76960,232,495.233,51113500.79360,0
1762414560000,103264.90,103300.20,103249.80,103300.2,144.826,1762414619999,14956406.71970,206,143.307,14799566.67650,0
1762414620000,103299.80,103403.70,103296.60,103401.6,1423.862,1762414679999,147129467.87640,246,1421.221,146856422.05660,0
1762414680000,103400.00,103423.60,103366.00,103366.0,1603.141,1762414739999,165756352.73330,384,759.044,78495445.69770,0
1762414740000,103366.00,103378.20,103134.30,103134.3,4283.392,1762414799999,442255473.18240,813,1.466,151354.67520,0
1762414800000,103134.40,103137.90,103052.00,103052.0,3381.099,1762414859999,348551054.41470,591,6.093,628381.01800,0
1762414860000,103052.10,103092.40,103004.40,103027.2,2623.218,1762414919999,270280413.11950,492,228.840,23578181.22210,0
1762414920000,103032.00,103042.70,103016.40,103028.5,564.144,1762414979999,58120520.02820,200,2.493,256871.57760,0
1762414980000,103048.10,103111.30,103016.40,103111.3,1199.259,1762415039999,123613003.52480,260,1197.710,123453429.30500,0
1762415040000,103111.30,103136.70,103111.10,103136.7,1585.947,1762415099999,163541216.08650,421,1583.841,163324039.06640,0
1762415100000,103136.70,103140.60,103070.60,103070.6,122.808,1762415159999,12666129.62280,174,117.309,12099066.31980,0
1762415160000,103070.60,103071.00,103002.30,103021.8,2344.921,1762415219999,241610744.19840,433,1.454,149781.65060,0
1762415220000,103014.00,103021.80,102980.80,102980.8,197.503,1762415279999,20339080.22520,126,0.535,55106.73340,0
1762415280000,102979.00,103021.80,102911.10,102987.3,3171.503,1762415339999,326529237.21850,557,397.405,40922194.36330,0
1762415340000,102945.00,103064.10,102945.00,103030.4,1901.679,1762415399999,195931224.35340,422,1852.311,190843902.13930,0
1762415400000,103030.50,103064.10,102989.90,102989.9,9.610,1762415459999,990007.45180,163,2.648,272843.64870,0
1762415460000,103000.10,103037.80,102997.30,103017.2,5.554,1762415519999,572076.40730,99,3.258,335594.15110,0
1762415520000,103007.70,103056.10,102997.30,103032.4,181.184,1762415579999,18670897.52990,134,178.658,18410648.25940,0
1762415580000,103047.30,103072.10,103032.40,103032.4,0.608,1762415639999,62650.97830,94,0.150,15459.34170,0
1762415640000,103046.50,103047.40,103028.00,103028.0,2.615,1762415699999,269441.31690,80,0.828,85323.15680,0
1762415700000,103028.10,103051.80,103013.30,103051.8,9.334,1762415759999,961756.39480,119,6.151,633863.05500,0
1762415760000,103051.80,103080.90,103013.30,103080.9,54.639,1762415819999,5631061.14320,225,49.375,5088696.71930,0
1762415820000,103080.80,103197.10,103071.40,103197.1,4791.251,1762415879999,494149445.45580,827,4788.873,493904215.42850,0
1762415880000,103197.10,103206.10,103175.20,103175.2,632.265,1762415939999,65247282.81280,240,467.674,48264520.22060,0
1762415940000,103206.50,103211.50,103161.70,103211.5,594.034,1762415999999,61309981.51170,167,591.400,61038251.30990,0
1762416000000,103161.70,103211.50,103071.70,103083.4,1521.822,1762416059999,156927015.51510,336,93.818,9670762.87290,0
1762416060000,103099.90,103120.90,103081.90,103108.8,221.826,1762416119999,22873582.15710,156,129.134,13315695.65290,0
1762416120000,103106.60,103142.80,103106.60,103142.8,174.554,1762416179999,18001247.38540,116,171.455,17681675.25810,0
1762416180000,103145.50,103155.70,103072.00,103073.4,593.482,1762416239999,61177858.68080,238,18.058,1861739.62780,0
1762416240000,103072.00,103073.10,102955.00,102982.2,4311.662,1762416299999,444183835.39070,752,7.856,808979.96060,0
1762416300000,102982.10,103019.90,102955.00,103014.8,395.902,1762416359999,40776291.18140,160,393.653,40544676.80420,0
1762416360000,102984.60,102996.90,102984.40,102984.4,9.465,1762416419999,974823.79530,77,6.246,643315.59510,0
1762416420000,102993.20,103077.30,102984.40,103066.6,2144.512,1762416479999,220968245.08870,449,2012.865,207399740.96970,0
1762416480000,103066.60,103073.50,102991.70,103003.6,1011.558,1762416539999,104225126.15320,311,6.017,620016.17490,0
1762416540000,103003.60,103056.70,102991.70,103036.8,58.323,1762416599999,6009286.60800,111,56.310,5801963.22520,0
1762416600000,102998.00,103071.10,102991.70,103060.0,202.770,1762416659999,20899188.61260,99,198.644,20474227.05700,0
1762416660000,103068.30,103073.40,103031.80,103038.2,338.501,1762416719999,34883594.33040,159,98.329,10134875.27250,0
1762416720000,103038.30,103073.40,103038.20,103073.4,3.665,1762416779999,377681.28890,92,1.433,147699.92800,0
1762416780000,103073.40,103188.10,103038.20,103188.1,4373.359,1762416839999,451053014.80160,737,4372.313,450945217.65380,0
1762416840000,103188.10,103225.30,103148.70,103225.3,1538.302,1762416899999,158756010.01850,395,1478.708,152605862.67780,0
1762416900000,103202.30,103286.60,103202.10,103286.6,2148.155,1762416959999,221824048.05240,560,2143.870,221381704.52930,0
1762416960000,103282.20,103286.60,103244.50,103244.5,76.837,1762417019999,7935681.68470,185,55.415,5723326.25330,0
1762417020000,103273.10,103351.40,103273.10,103351.3,2453.551,1762417079999,253448671.83850,365,2450.630,253146823.47110,0
1762417080000,103351.30,103361.70,103309.00,103361.7,1233.272,1762417139999,127468873.73450,264,1231.090,127243405.64030,0
1762417140000,103361.70,103368.70,103334.60,103341.1,938.296,1762417199999,96972995.23230,294,333.653,34486996.75530,0
1762417200000,103334.70,103375.90,103334.50,103344.7,734.013,1762417259999,75863221.34480,208,443.336,45826253.71650,0
1762417260000,103375.80,103375.90,103310.10,103310.1,81.272,1762417319999,8398985.86310,137,5.120,529284.58400,0
1762417320000,103310.20,103339.40,103308.40,103336.0,1.336,1762417379999,138054.13580,64,1.234,127515.93940,0
1762417380000,103335.90,103353.40,103300.00,103324.6,150.484,1762417439999,15548406.36780,175,106.335,10986729.91220,0
1762417440000,103324.60,103324.70,103290.90,103312.9,118.580,1762417499999,12248483.24480,131,0.376,38838.31730,0
1762417500000,103312.80,103321.20,103266.60,103320.0,101.687,1762417559999,10505653.43370,120,101.178,10453083.59370,0
1762417560000,103302.10,103302.10,103266.60,103281.6,1.596,1762417619999,164826.50480,85,0.476,49166.55940,0
1762417620000,103290.90,103339.50,103282.80,103334.2,964.361,1762417679999,99645061.37250,225,962.151,99416805.09690,0
1762417680000,103292.00,103330.00,103261.90,103280.6,2.539,1762417739999,262277.15650,100,1.521,157131.08020,0
1762417740000,103306.50,103325.90,103273.70,103300.9,13.426,1762417799999,1386823.32590,127,3.699,382198.93830,0
1762417800000,103301.00,103339.00,103278.80,103339.0,263.802,1762417859999,27249273.88380,186,68.727,7102078.29200,0
1762417860000,103339.10,103339.10,103205.50,103205.5,3777.780,1762417919999,390048880.53390,656,172.789,17855852.10560,0
1762417920000,103205.60,103223.00,103185.10,103222.3,868.023,1762417979999,89578415.89960,303,176.784,18246173.93670,0
1762417980000,103222.30,103235.70,103201.00,103201.9,110.664,1762418039999,11423113.37400,117,107.489,11095394.50290,0
1762418040000,103220.00,103235.70,103189.50,103231.0,265.033,1762418099999,27350935.82270,179,2.918,301152.82540,0
1762418100000,103231.10,103236.10,103215.10,103217.5,207.472,1762418159999,21416469.54060,132,107.790,11127776.08210,0
1762418160000,103215.20,103231.00,103215.10,103220.0,1.293,1762418219999,133471.53790,69,0.963,99410.05960,0
1762418220000,103220.00,103254.30,103182.80,103193.0,1564.407,1762418279999,161472870.06900,322,787.656,81317196.50660,0
1762418280000,103193.00,103254.30,103182.80,103240.6,198.649,1762418339999,20497415.76040,140,1.589,164065.36810,0
1762418340000,103249.50,103254.20,103224.60,103254.0,4.090,1762418399999,422289.15380,83,2.892,298604.92560,0
1762418400000,103224.60,103254.20,103220.00,103254.2,0.521,1762418459999,53781.14410,69,0.076,7847.05270,0
1762418460000,103254.10,103254.20,103144.00,103144.0,3157.008,1762418519999,325686348.07690,486,5.585,576271.13220,0
1762418520000,103144.20,103164.00,103144.00,103164.0,5.136,1762418579999,529808.17830,120,4.302,443785.75860,0
1762418580000,103152.70,103199.90,103152.70,103193.7,404.553,1762418639999,41748263.15080,176,32.098,3312480.93310,0
1762418640000,103193.70,103194.10,103146.70,103146.7,1767.628,1762418699999,182363727.02420,377,4.355,449408.62150,0
1762418700000,103150.00,103155.00,103105.30,103155.0,8.307,1762418759999,856826.48670,163,1.737,179171.32220,0
1762418760000,103105.50,103183.40,103067.90,103183.4,3116.632,1762418819999,321348786.40680,415,917.430,94638265.81280,0
1762418820000,103183.50,103183.50,103145.60,103145.7,292.829,1762418879999,30204211.16590,127,0.907,93586.86770,0
1762418880000,103145.60,103147.90,103135.20,103147.9,442.350,1762418939999,45627338.87270,287,428.408,44189346.06080,0
1762418940000,103147.80,103148.00,103083.20,103087.7,886.720,1762418999999,91432456.78460,298,80.767,8330911.27160,0
1762419000000,103083.30,103087.70,103059.20,103065.2,619.943,1762419059999,63903708.81100,202,0.410,42262.81210,0
1762419060000,103065.20,103127.70,103063.70,103100.0,788.096,1762419119999,81238397.19560,208,786.731,81097674.37810,0
1762419120000,103100.10,103127.70,103082.90,103115.3,108.726,1762419179999,11209047.74480,164,3.602,371465.20670,0
1762419180000,103127.50,103127.50,103072.30,103087.3,5.754,1762419239999,593138.89020,95,2.482,255856.23500,0
1762419240000,103072.60,103087.30,103072.30,103087.3,2.713,1762419299999,279654.19540,74,1.275,131436.13670,0
1762419300000,103087.30,103200.90,103072.30,103191.1,1935.155,1762419359999,199638809.03710,325,1918.297,197899449.40080,0
1762419360000,103191.10,103202.90,103180.10,103202.9,485.493,1762419419999,50094795.85080,194,91.391,9430465.29170,0
1762419420000,103187.50,103238.60,103180.10,103238.6,601.839,1762419479999,62122215.09350,190,599.655,61896868.47350,0
1762419480000,103213.40,103241.50,103203.70,103241.5,338.633,1762419539999,34953096.69190,173,220.411,22751563.23460,0
1762419540000,103241.50,103242.10,103121.90,103152.9,1486.455,1762419599999,153373390.88830,299,101.997,10529983.94220,0
1762419600000,103122.00,103224.80,103121.90,103214.4,6.346,1762419659999,654945.47900,113,3.718,383737.67290,0
1762419660000,103224.90,103224.90,103072.20,103072.2,2098.691,1762419719999,216414937.87020,343,2.717,280459.98620,0
1762419720000,103214.80,103214.80,102888.60,102888.6,4363.600,1762419779999,449491885.22160,629,2.471,254418.21640,0
1762419780000,102892.10,102895.30,102870.80,102870.8,1616.860,1762419839999,166342981.04720,451,44.963,4626303.42780,0
1762419840000,102870.80,102889.50,102855.70,102855.9,341.781,1762419899999,35158194.52130,216,0.736,75713.46930,0
1762419900000,102859.40,102890.20,102854.70,102865.4,164.851,1762419959999,16958716.92780,159,138.856,14284417.71350,0
1762419960000,102865.50,102878.60,102865.30,102865.3,67.234,1762420019999,6916062.36690,119,1.672,172003.47060,0
1762420020000,102878.50,102929.30,102865.30,102919.7,1392.311,1762420079999,143265392.51200,345,1388.204,142842799.09860,0
1762420080000,102919.70,102929.30,102854.70,102884.0,492.274,1762420139999,50642738.79770,210,5.132,528073.16220,0
1762420140000,102884.10,102889.90,102876.00,102878.6,352.101,1762420199999,36225753.34640,151,174.980,18003209.14600,0
1762420200000,102878.70,102950.10,102878.60,102950.1,649.907,1762420259999,66894884.67550,286,591.831,60918377.68780,0
1762420260000,102932.00,102981.50,102932.00,102981.5,1080.474,1762420319999,111246540.07190,203,1080.322,111230890.95720,0
1762420320000,102964.40,102968.30,102922.10,102932.0,0.973,1762420379999,100155.98770,95,0.185,19045.87240,0
1762420380000,102962.30,102987.40,102939.30,102987.4,778.563,1762420439999,80175919.40140,253,777.338,80049807.86990,0
1762420440000,102973.90,103064.00,102973.90,103063.9,2847.040,1762420499999,293267537.65950,460,2838.640,292402040.92890,0
1762420500000,103064.00,103075.20,103046.00,103075.2,186.684,1762420559999,19241501.17350,162,185.442,19113496.95160,0
1762420560000,103046.10,103075.20,103005.70,103049.9,1.483,1762420619999,152825.03730,125,0.530,54629.42030,0
1762420620000,103060.00,103075.20,102950.10,102970.8,1389.413,1762420679999,143083485.42550,291,3.554,366310.71580,0
1762420680000,102950.50,103091.20,102950.30,103091.2,1131.373,1762420739999,116583549.02390,377,1129.721,116413276.04120,0
1762420740000,103074.10,103091.20,103023.30,103087.9,100.142,1762420799999,10323726.09810,170,98.860,10191594.70070,0
1762420800000,103088.00,103091.20,102981.00,102984.8,1473.191,1762420859999,151754436.18620,315,7.048,725966.84820,0
1762420860000,102984.70,102993.20,102960.60,102993.2,30.085,1762420919999,3097964.87790,164,2.091,215334.21360,0
1762420920000,102993.00,103006.80,102993.00,102998.2,877.294,1762420979999,90360866.75280,243,671.521,69166596.01710,0
1762420980000,102998.20,102998.20,102993.00,102993.1,20.998,1762421039999,2162754.72960,83,20.647,2126603.82130,0
1762421040000,102994.30,102998.30,102964.90,102982.2,58.196,1762421099999,5992528.13360,115,40.926,4214158.23770,0
1762421100000,102967.20,103007.10,102967.20,103006.9,409.881,1762421159999,42211480.78390,177,405.902,41801702.95780,0
1762421160000,103006.70,103028.00,103006.60,103017.2,636.059,1762421219999,65524214.26140,156,633.087,65218047.66820,0
1762421220000,103027.90,103030.00,103009.40,103009.4,21.942,1762421279999,2260269.94680,99,1.679,172984.01500,0
1762421280000,103009.40,103011.80,102978.80,102978.8,1398.144,1762421339999,143999743.39320,320,2.477,255129.88000,0
1762421340000,102992.30,102992.40,102964.90,102992.4,258.523,1762421399999,26618930.29670,190,2.076,213812.21840,0
1762421400000,102965.00,102992.40,102915.30,102915.3,1738.948,1762421459999,179019530.39700,409,0.181,18635.65450,0
1762421460000,102937.90,102937.90,102904.90,102910.0,105.423,1762421519999,10849607.76730,157,0.759,78126.58330,0
1762421520000,102933.90,102963.20,102904.90,102932.6,8.813,1762421579999,907049.70880,99,5.552,571456.16540,0
1762421580000,102932.60,102964.00,102928.10,102964.0,1.844,1762421639999,189837.83140,71,0.678,69809.49040,0
1762421640000,102964.90,102980.70,102950.20,102971.0,190.051,1762421699999,19567196.14630,158,103.293,10635415.55410,0
1762421700000,102970.90,102973.70,102950.30,102951.7,145.062,1762421759999,14936616.49610,192,19.877,2046808.16010,0
1762421760000,102951.70,102977.30,102950.30,102970.9,25.188,1762421819999,2593154.51560,108,1.737,178866.46300,0
1762421820000,102977.20,102978.00,102966.50,102977.9,5.078,1762421879999,522907.95330,88,3.893,400892.51370,0
1762421880000,102966.60,102978.60,102950.20,102959.8,239.634,1762421939999,24673625.53420,158,4.485,461812.75560,0
1762421940000,102959.70,103000.00,102950.20,103000.0,1106.604,1762421999999,113948442.84510,238,1101.917,113465822.02190,0
1762422000000,102993.60,103023.10,102993.60,103019.0,398.661,1762422059999,41070702.98970,122,398.518,41055971.65290,0
1762422060000,103019.00,103023.10,102914.90,102916.3,1498.603,1762422119999,154281414.10390,262,1.830,188361.31750,0
1762422120000,102915.00,102943.40,102914.90,102937.2,3.778,1762422179999,388882.43480,77,2.223,228841.91270,0
1762422180000,102938.40,103000.50,102929.40,102951.3,61.587,1762422239999,6340013.85410,99,59.114,6085448.90040,0
1762422240000,102937.70,102951.40,102929.80,102944.0,366.335,1762422299999,37709530.06610,205,3.535,363933.11510,0
1762422300000,102949.10,102982.10,102927.40,102944.2,109.125,1762422359999,11232144.50350,143,1.592,163926.55770,0
1762422360000,102980.00,103011.60,102944.30,103011.6,2679.242,1762422419999,275952673.77470,406,2678.881,275915498.58620,0
1762422420000,103011.60,103036.70,102927.40,102927.4,2969.162,1762422479999,305851138.54210,549,2150.146,221514358.09170,0
1762422480000,102927.40,102937.40,102927.40,102937.4,624.252,1762422539999,64256161.54120,222,478.400,49243323.38450,0
1762422540000,102937.30,102937.70,102833.20,102833.2,3066.329,1762422599999,315548743.88270,478,8.640,889019.51840,0
1762422600000,102833.30,102847.00,102829.00,102847.0,1277.651,1762422659999,131386799.08410,380,367.810,37826754.85620,0
1762422660000,102846.90,102858.40,102837.50,102854.4,9.175,1762422719999,943553.46530,193,1.499,154171.20680,0
1762422720000,102837.60,102877.30,102837.50,102877.3,21.764,1762422779999,2238311.60180,109,6.688,687933.41410,0
1762422780000,102877.30,102900.00,102837.50,102900.0,17.475,1762422839999,1797533.78960,111,10.363,1066152.46440,0
1762422840000,102837.60,102905.80,102837.60,102903.8,9.837,1762422899999,1012282.50680,63,9.768,1005182.22930,0
1762422900000,102905.80,102909.50,102837.50,102909.5,6.769,1762422959999,696355.46900,120,2.837,291944.14490,0
1762422960000,102871.10,102934.60,102837.50,102933.2,490.276,1762423019999,50462169.34970,148,488.992,50330108.36900,0
1762423020000,102934.50,102935.60,102860.00,102910.0,241.889,1762423079999,24898822.20720,151,239.174,24619477.84620,0
1762423080000,102910.00,102910.00,102860.00,102888.1,550.940,1762423139999,56687982.06020,156,434.031,44659527.51510,0
1762423140000,102888.30,102892.20,102801.00,102801.0,3131.776,1762423199999,322048302.64330,555,5.069,521272.89850,0
1762423200000,102801.10,102837.40,102792.20,102795.7,1740.691,1762423259999,178941540.48080,415,193.394,19881684.69780,0
1762423260000,102795.70,102811.10,102755.60,102767.1,1482.457,1762423319999,152350263.51210,404,3.078,316448.33500,0
1762423320000,102767.20,102767.30,102721.70,102721.7,699.034,1762423379999,71811807.80840,266,3.613,371224.72010,0
1762423380000,102725.00,102738.40,102720.10,102738.4,104.626,1762423439999,10747221.43630,129,3.885,399091.68120,0
1762423440000,102729.40,102738.50,102713.60,102713.8,683.649,1762423499999,70221608.44890,157,0.321,32978.49050,0
1762423500000,102713.80,102735.00,102713.10,102716.9,9.833,1762423559999,1010000.10330,84,0.908,93279.48680,0
1762423560000,102713.20,102735.00,102713.10,102713.2,3.334,1762423619999,342477.01750,148,1.776,182449.97040,0
1762423620000,102713.20,102735.00,102622.00,102634.5,3302.466,1762423679999,339014782.86170,509,2.816,289093.84800,0
1762423680000,102634.40,102634.40,102620.00,102629.3,195.098,1762423739999,20021132.24750,149,1.894,194379.47720,0
1762423740000,102629.30,102699.90,102620.00,102674.6,106.186,1762423799999,10902048.67290,156,12.085,1240722.76390,0
1762423800000,102674.60,102772.40,102620.00,102772.4,3659.249,1762423859999,375907436.20680,607,3558.028,365507516.04180,0
1762423860000,102772.20,102818.30,102772.20,102818.3,2596.040,1762423919999,266856591.18440,672,2556.395,262781616.39590,0
1762423920000,102802.10,102890.20,102787.10,102890.2,4976.578,1762423979999,511927920.67390,793,4973.679,511629664.76270,0
1762423980000,102887.50,102890.20,102886.50,102890.1,381.003,1762424039999,39201473.82960,132,378.166,38909575.37150,0
1762424040000,102890.10,102890.20,102890.10,102890.2,4.097,1762424099999,421541.09790,59,3.582,368552.69640,0
1762424100000,102890.20,102890.20,102863.20,102890.1,1.481,1762424159999,152360.21960,83,0.128,13169.65110,0
1762424160000,102890.10,102891.90,102863.20,102891.9,149.325,1762424219999,15364049.20280,118,146.121,15034441.74650,0
1762424220000,102891.90,102958.10,102891.60,102958.1,2631.363,1762424279999,270777350.80760,373,2631.043,270744407.68060,0
1762424280000,102948.10,102993.00,102948.10,102993.0,2335.734,1762424339999,240528601.04300,546,2333.814,240330896.49140,0
1762424340000,102993.00,103049.80,102991.90,103023.1,4218.810,1762424399999,434628012.31740,816,4218.651,434611634.20960,0
1762424400000,103014.40,103030.00,102992.50,102994.2,293.681,1762424459999,30249683.79190,152,1.821,187562.90390,0
1762424460000,102999.80,103054.70,102995.50,103054.7,16.521,1762424519999,1702519.03660,78,16.226,1672134.97430,0
1762424520000,103031.90,103031.90,102990.60,103013.1,130.032,1762424579999,13392466.31820,130,6.864,707111.45790,0
1762424580000,103013.10,103026.30,102952.90,102952.9,453.234,1762424639999,46664166.40940,261,2.942,303033.33020,0
1762424640000,102953.00,102961.00,102920.70,102920.9,1253.180,1762424699999,129010422.66650,371,1.123,115597.95490,0
1762424700000,102939.60,102959.70,102920.70,102959.7,299.786,1762424759999,30859938.41500,137,298.710,30749193.35790,0
1762424760000,102959.60,103013.20,102920.70,103012.5,660.444,1762424819999,68020478.75360,158,659.586,67932164.33380,0
1762424820000,103012.60,103013.30,102970.10,103013.3,381.878,1762424879999,39338480.49610,120,381.364,39285552.38590,0
1762424880000,102977.40,103018.40,102977.40,102994.3,125.289,1762424939999,12906410.29800,100,124.440,12818982.33130,0
1762424940000,102994.30,103018.40,102981.10,102981.1,3.686,1762424999999,379606.81860,76,0.730,75193.74990,0
1762425000000,102981.20,103001.00,102970.10,103001.0,202.069,1762425059999,20809275.15020,100,4.091,421323.41030,0
1762425060000,103000.90,103045.30,102994.10,103033.9,3357.473,1762425119999,345910262.61760,723,3353.691,345520618.15620,0
1762425120000,103033.40,103050.00,103010.60,103047.8,702.808,1762425179999,72404271.60750,183,118.930,12255220.92820,0
1762425180000,103052.50,103094.30,103047.80,103094.3,304.108,1762425239999,31340981.81120,122,300.100,30927966.20380,0
1762425240000,103047.90,103123.80,103047.80,103123.8,1601.491,1762425299999,165138642.53350,358,1600.868,165074405.24180,0
1762425300000,103123.80,103198.60,103117.90,103163.3,2580.807,1762425359999,266248629.47450,478,2495.707,257469344.16340,0
1762425360000,103198.30,103198.60,103139.40,103139.4,381.014,1762425419999,39300965.45610,151,0.612,63153.92080,0
1762425420000,103139.60,103162.20,103132.60,103162.1,99.639,1762425479999,10276153.17830,99,1.336,137810.82190,0
1762425480000,103156.00,103217.60,103154.90,103217.6,1175.486,1762425539999,121318522.33030,175,1175.437,121313464.90070,0
1762425540000,103217.60,103231.20,103214.40,103231.2,640.292,1762425599999,66092219.62280,153,640.121,66074569.48700,0
1762425600000,103225.30,103231.80,103179.40,103231.8,103.745,1762425659999,10708795.33530,108,2.502,258281.36050,0
1762425660000,103217.60,103239.90,103217.50,103237.2,396.543,1762425719999,40936734.85580,178,307.767,31773472.54970,0
1762425720000,103237.30,103246.50,103189.20,103246.5,258.015,1762425779999,26633480.18800,141,2.867,295926.25010,0
1762425780000,103242.80,103246.50,103141.30,103141.5,2293.477,1762425839999,236628448.87690,381,0.973,100401.03450,0
1762425840000,103141.50,103142.50,103099.90,103142.5,1144.077,1762425899999,117983916.69600,319,3.694,381008.20800,0
1762425900000,103142.50,103142.50,103090.90,103098.3,162.241,1762425959999,16726195.29470,137,1.140,117534.47440,0
1762425960000,103098.20,103136.80,103090.90,103090.9,4.811,1762426019999,495995.73570,114,1.054,108681.99030,0
1762426020000,103115.30,103129.10,103045.60,103045.6,2207.244,1762426079999,227491350.19130,308,1.748,180253.80210,0
1762426080000,103045.60,103045.60,102992.60,103005.5,622.567,1762426139999,64141627.62020,259,0.740,76238.85520,0
1762426140000,103005.60,103019.70,102988.10,103017.2,454.510,1762426199999,46818078.92070,174,277.159,28552555.04630,0
1762426200000,103017.20,103021.70,103017.20,103021.7,532.443,1762426259999,54852578.57070,167,516.947,53256175.20020,0
1762426260000,103021.70,103115.30,103021.60,103115.3,2999.667,1762426319999,309149993.74910,432,2996.213,308793917.82920,0
1762426320000,103115.30,103118.10,103096.00,103117.6,1314.752,1762426379999,135565149.34270,352,772.162,79620723.46410,0
1762426380000,103117.50,103125.90,103095.80,103125.9,15.296,1762426439999,1577069.67250,128,4.142,427076.72860,0
1762426440000,103126.00,103126.10,103095.80,103117.5,6.899,1762426499999,711386.55170,123,5.107,526633.19640,0
1762426500000,103117.50,103133.30,103117.50,103133.3,33.786,1762426559999,3484102.65740,129,2.063,212746.86500,0
1762426560000,103125.00,103147.90,103125.00,103147.9,87.659,1762426619999,9041459.40300,137,83.442,8606514.23420,0
1762426620000,103147.80,103147.90,103126.90,103147.8,1.307,1762426679999,134802.60410,88,0.520,53636.81350,0
1762426680000,103147.80,103147.90,103099.80,103147.7,197.363,1762426739999,20348305.41240,121,1.890,194926.18610,0
1762426740000,103147.70,103147.90,103077.90,103081.2,57.736,1762426799999,5951460.98630,152,2.445,252125.53650,0
1762426800000,103078.00,103090.00,103072.00,103081.2,3.699,1762426859999,381320.31030,116,2.833,292053.73290,0
1762426860000,103081.20,103081.50,103012.80,103019.8,775.417,1762426919999,79880613.28440,155,0.099,10204.92840,0
1762426920000,103019.40,103028.90,102997.00,102997.0,1961.599,1762426979999,202051141.09720,313,4.626,476580.42320,0
1762426980000,102997.10,103028.90,102848.90,102852.9,1405.301,1762427039999,144731422.71260,291,1.955,201156.21880,0
1762427040000,102852.90,102875.30,102819.10,102820.6,102.828,1762427099999,10573084.11770,147,4.592,472402.23420,0
1762427100000,102820.70,102875.30,102795.10,102795.1,735.525,1762427159999,75613794.86000,307,1.577,162173.15050,0
1762427160000,102795.20,102823.20,102775.00,102775.0,509.357,1762427219999,52356385.72860,256,6.520,670278.43680,0
1762427220000,102775.00,102776.60,102713.20,102713.3,1407.459,1762427279999,144609369.93220,320,0.398,40887.91970,0
1762427280000,102713.20,102780.00,102713.20,102780.0,5.901,1762427339999,606259.46880,117,3.585,368374.98380,0
1762427340000,102779.90,102807.50,102747.10,102799.1,1183.645,1762427399999,121674194.54470,227,1181.138,121416465.12540,0
1762427400000,102799.30,102836.20,102783.60,102836.2,1810.458,1762427459999,186141531.37070,476,1689.842,173742286.20680,0
1762427460000,102836.10,102843.70,102817.00,102817.0,594.576,1762427519999,61144591.18140,164,592.733,60955074.83290,0
1762427520000,102817.10,102845.70,102816.90,102840.7,160.117,1762427579999,16463228.84870,214,19.767,2032836.89930,0
1762427580000,102845.60,102845.70,102800.30,102808.5,309.293,1762427639999,31797256.00630,223,3.525,362401.46250,0
1762427640000,102806.90,102823.60,102800.30,102823.6,3.658,1762427699999,376075.03510,95,2.672,274713.85390,0
1762427700000,102823.50,102826.60,102788.50,102822.9,396.277,1762427759999,40746933.77990,174,395.352,40651849.24550,0
1762427760000,102795.80,102854.00,102795.80,102854.0,1030.994,1762427819999,106029496.25600,258,1030.947,106024663.07140,0
1762427820000,102853.90,102957.80,102850.00,102951.9,4680.494,1762427879999,481652701.24600,785,4679.534,481553962.40740,0
1762427880000,102951.20,102955.40,102932.40,102934.6,198.225,1762427939999,20406808.53780,167,1.305,134349.12950,0
1762427940000,102943.40,102970.00,102938.60,102970.0,1142.834,1762427999999,117671311.15400,247,1142.585,117645672.74160,0
1762428000000,102969.90,103042.70,102938.60,103042.7,2697.921,1762428059999,277903607.55290,496,2693.980,277497825.29090,0
1762428060000,103042.70,103114.20,103030.90,103085.0,554.821,1762428119999,57172816.54990,228,496.218,51134524.91160,0
1762428120000,103085.10,103114.20,103069.50,103069.5,825.373,1762428179999,85080532.51430,273,3.949,407164.81920,0
1762428180000,103068.80,103085.90,103034.80,103034.8,154.016,1762428239999,15870357.61710,172,4.811,495773.91190,0
1762428240000,103035.00,103080.50,103034.80,103056.7,2.113,1762428299999,217738.50010,125,0.510,52562.16170,0
1762428300000,103056.80,103080.50,103052.40,103052.4,3.100,1762428359999,319536.83910,95,0.768,79165.59150,0
1762428360000,103052.40,103080.50,103017.30,103051.0,3.090,1762428419999,318425.24080,133,0.589,60714.08190,0
1762428420000,103067.60,103080.50,103020.10,103070.4,2.716,1762428479999,279848.72790,94,0.969,99870.22200,0
1762428480000,103047.20,103092.00,103020.10,103092.0,7.298,1762428539999,751898.20750,110,1.016,104724.69150,0
1762428540000,103093.50,103119.60,103020.10,103104.0,1621.979,1762428599999,167245646.64360,348,1616.383,166668651.26620,0
1762428600000,103104.10,103126.30,103104.00,103126.2,1.591,1762428659999,164047.31740,145,0.452,46611.81380,0
1762428660000,103104.10,103215.10,103104.00,103215.1,3297.794,1762428719999,340276546.55500,590,2813.831,290340215.80080,0
1762428720000,103150.10,103155.10,103100.10,103129.2,488.896,1762428779999,50419132.87580,197,5.563,573644.24870,0
1762428780000,103129.10,103141.80,103095.80,103141.7,786.963,1762428839999,81167217.64880,213,785.263,80991937.11960,0
1762428840000,103095.90,103141.80,103093.30,103100.1,202.878,1762428899999,20915863.14690,152,3.018,311164.23740,0
1762428900000,103100.20,103134.20,103093.30,103134.2,26.137,1762428959999,2695182.87690,157,23.658,2439613.91100,0
1762428960000,103134.00,103156.90,103088.30,103088.3,30.842,1762429019999,3180018.94210,145,1.108,114286.50040,0
1762429020000,103109.20,103156.90,103058.70,103062.7,660.832,1762429079999,68109923.96570,192,0.506,52153.84100,0
1762429080000,103059.00,103114.40,103058.90,103097.9,3.450,1762429139999,355670.02310,123,2.293,236423.42290,0
1762429140000,103097.90,103137.20,103058.90,103137.2,106.402,1762429199999,10970481.49450,159,99.598,10269232.31450,0
1762429200000,103136.30,103137.20,103058.90,103123.8,4.674,1762429259999,481847.03030,104,2.119,218506.28250,0
1762429260000,103123.80,103156.90,103093.90,103156.9,1397.454,1762429319999,144150569.71600,471,1380.175,142368351.54270,0
1762429320000,103156.40,103194.00,103156.30,103188.0,3716.985,1762429379999,383517899.16700,699,3712.655,383071100.60650,0
1762429380000,103194.00,103264.90,103188.00,103264.9,5570.971,1762429439999,575035380.05630,1046,5566.443,574568037.69150,0
1762429440000,103264.20,103264.90,103211.30,103211.4,13.277,1762429499999,1370760.82010,178,4.936,509715.32630,0
1762429500000,103211.40,103264.80,103129.30,103134.6,815.197,1762429559999,84103485.52030,238,2.207,227612.00110,0
1762429560000,103129.50,103145.30,103129.50,103130.5,3.691,1762429619999,380701.13360,84,3.329,343368.10110,0
1762429620000,103135.40,103145.30,103133.50,103145.3,394.332,1762429679999,40672311.84810,126,394.068,40645082.16370,0
1762429680000,103143.00,103232.40,103142.70,103228.2,1434.932,1762429739999,148107968.54010,348,1433.807,147991908.95320,0
1762429740000,103232.30,103232.40,103129.30,103130.0,323.722,1762429799999,33387678.40130,180,2.727,281257.81670,0
1762429800000,103129.90,103146.70,103112.20,103123.5,4.499,1762429859999,464025.33170,129,4.030,415659.74600,0
1762429860000,103123.40,103146.70,103110.20,103122.7,6.297,1762429919999,649391.32340,79,3.728,384474.74160,0
1762429920000,103122.60,103172.00,103110.20,103110.2,3.552,1762429979999,366304.43640,128,2.335,240819.08330,0
1762429980000,103171.90,103193.20,103110.20,103193.2,14.746,1762430039999,1520601.47480,140,1.952,201407.77130,0
1762430040000,103142.20,103204.20,103135.40,103162.3,1161.325,1762430099999,119843890.80930,296,975.609,100681983.16880,0
1762430100000,103162.40,103166.60,103141.60,103141.6,157.997,1762430159999,16297396.93270,138,8.639,891219.92950,0
1762430160000,103141.70,103162.40,103141.50,103162.4,90.656,1762430219999,9350420.80610,158,2.039,210329.96340,0
1762430220000,103141.70,103183.00,103141.50,103174.8,110.819,1762430279999,11432409.62700,127,107.510,11091112.06170,0
1762430280000,103150.10,103183.00,103143.00,103172.1,3.892,1762430339999,401552.56850,97,2.243,231439.06830,0
1762430340000,103182.90,103183.00,103162.50,103180.4,61.207,1762430399999,6314893.88860,113,11.862,1223912.55300,0
1762430400000,103162.50,103200.00,103162.50,103182.8,12.893,1762430459999,1330475.37590,79,12.201,1259072.75520,0
1762430460000,103182.90,103200.00,103170.50,103179.1,7.998,1762430519999,825267.30410,93,2.108,217545.45210,0
1762430520000,103179.20,103200.00,103066.90,103066.9,2752.919,1762430579999,283883558.14040,380,1.310,135116.15050,0
1762430580000,103066.90,103067.30,102982.90,102983.4,2758.276,1762430639999,284139673.43560,634,1.429,147281.85080,0
1762430640000,102983.40,102983.40,102940.00,102942.6,4912.265,1762430699999,505770755.02620,936,2.340,240905.16160,0
1762430700000,102942.50,102971.70,102940.00,102971.7,11.438,1762430759999,1177717.31380,157,8.927,919214.72320,0
1762430760000,102950.30,103076.10,102940.00,103076.1,1587.657,1762430819999,163575031.40510,313,1584.700,163270603.78530,0
1762430820000,103076.00,103091.40,103073.60,103091.4,201.445,1762430879999,20764286.20580,195,194.480,20046363.42150,0
1762430880000,103077.10,103233.30,103077.10,103233.3,3182.520,1762430939999,328340560.83050,803,3172.229,327278867.48270,0
1762430940000,103229.50,103233.30,103131.00,103131.0,1249.612,1762430999999,128905923.12890,372,9.081,937336.49220,0
1762431000000,103131.10,103166.10,103113.70,103166.1,304.571,1762431059999,31413015.95400,168,193.125,19920456.11060,0
1762431060000,103166.00,103171.30,103142.50,103171.3,198.490,1762431119999,20477947.84410,107,197.622,20388397.19440,0
1762431120000,103170.10,103171.30,103116.10,103147.9,2.375,1762431179999,244993.54070,94,0.106,10936.01480,0
1762431180000,103148.00,103171.30,103116.10,103131.0,101.305,1762431239999,10447779.77190,131,1.324,136597.83060,0
1762431240000,103130.90,103131.00,103051.90,103051.9,4184.516,1762431299999,431390605.04780,826,3.958,408166.47710,0
1762431300000,103059.00,103059.00,102940.30,102964.7,2670.233,1762431359999,275046027.23600,506,1.374,141460.03460,0
1762431360000,102964.60,102969.10,102934.30,102948.9,13.442,1762431419999,1384029.15360,177,8.833,909517.34280,0
1762431420000,102969.00,102969.10,102910.00,102969.1,11.342,1762431479999,1167589.66420,137,4.703,484263.63990,0
1762431480000,102921.60,102969.10,102900.10,102900.1,1771.417,1762431539999,182288751.83130,370,0.599,61677.87220,0
1762431540000,102900.20,102900.20,102811.00,102882.2,2483.061,1762431599999,255414597.97280,369,8.193,842849.10920,0
1762431600000,102867.40,102900.10,102867.40,102893.0,1262.637,1762431659999,129914264.18060,428,919.386,94595708.20440,0
1762431660000,102891.80,102903.90,102800.10,102831.6,2101.406,1762431719999,216090187.41090,459,14.700,1512368.31620,0
1762431720000,102800.20,102867.30,102800.10,102823.0,51.014,1762431779999,5244303.72490,164,1.205,123929.85280,0
1762431780000,102800.20,102893.60,102800.10,102880.3,789.700,1762431839999,81222388.16140,274,787.942,81041566.88090,0
1762431840000,102880.30,102880.30,102809.90,102809.9,344.013,1762431899999,35379188.28750,198,3.496,359619.45100,0
1762431900000,102862.00,102862.10,102795.30,102847.2,464.731,1762431959999,47775455.19970,333,73.236,7529772.79500,0
1762431960000,102818.80,102857.60,102743.70,102770.9,3586.596,1762432019999,368654273.08320,550,428.013,43995408.01810,0
1762432020000,102771.00,102778.30,102754.60,102778.3,977.426,1762432079999,100446174.07260,330,335.461,34475724.41670,0
1762432080000,102769.30,102773.30,102760.00,102762.0,1993.353,1762432139999,204852237.69210,462,840.473,86375853.60400,0
1762432140000,102762.00,102777.40,102750.10,102754.2,1011.564,1762432199999,103942989.16250,264,0.203,20861.76910,0
1762432200000,102750.40,102778.60,102750.10,102778.6,7.184,1762432259999,738259.67950,95,5.860,602218.45390,0
1762432260000,102774.00,102778.60,102720.10,102720.2,13.510,1762432319999,1388176.49790,140,3.032,311618.79910,0
1762432320000,102720.20,102773.30,102720.00,102754.6,196.363,1762432379999,20170461.94880,146,1.362,139937.54170,0
1762432380000,102766.10,102780.40,102760.40,102780.4,685.939,1762432439999,70499759.56890,219,683.479,70246965.93410,0
1762432440000,102779.90,102843.40,102779.90,102843.4,2914.975,1762432499999,299675366.46550,476,2905.230,298673190.08110,0
1762432500000,102843.30,104400.00,102793.70,102811.4,1253.863,1762432559999,128953334.61570,563,112.836,11616354.52700,0
1762432560000,102793.80,102811.50,102788.70,102811.5,780.100,1762432619999,80194750.28450,310,463.089,47608314.82460,0
1762432620000,102811.40,102825.00,102793.80,102822.7,1362.430,1762432679999,140082310.61820,367,1119.068,115060210.17200,0
1762432680000,102822.30,102824.80,102773.70,102813.2,648.805,1762432739999,66687711.54880,220,2.414,248206.50770,0
1762432740000,102813.10,102832.60,102796.50,102813.2,3.366,1762432799999,346092.08420,127,2.363,242970.32250,0
1762432800000,102813.20,102813.20,102705.80,102712.0,2249.389,1762432859999,231129080.63210,500,3.279,336828.45370,0
1762432860000,102711.90,102716.90,102675.60,102679.1,172.768,1762432919999,17743062.53340,311,100.452,10317630.43180,0
1762432920000,102679.10,102705.20,102582.00,102582.0,3088.273,1762432979999,316965325.53410,489,4.191,430369.80560,0
1762432980000,102584.10,102591.10,102565.30,102565.3,688.750,1762433039999,70650189.17220,304,9.709,996012.13020,0
1762433040000,102565.30,102566.20,102405.20,102405.2,3999.724,1762433099999,409897276.63090,863,24.691,2529979.20220,0
1762433100000,102419.50,102462.80,102400.70,102462.8,1058.598,1762433159999,108418645.69680,469,521.069,53369952.36770,0
1762433160000,102464.60,102486.90,102414.60,102440.0,949.079,1762433219999,97246194.14850,374,728.950,74696586.15480,0
1762433220000,102440.10,102486.90,102388.90,102399.3,1855.516,1762433279999,189999410.60790,398,6.032,617951.53860,0
1762433280000,102393.10,102487.00,102388.90,102481.3,1109.315,1762433339999,113650073.70950,257,1107.584,113472835.45130,0
1762433340000,102486.60,102500.10,102461.50,102500.1,6.602,1762433399999,676552.38360,137,1.394,142873.83920,0
1762433400000,102501.00,102596.80,102461.60,102587.5,2690.361,1762433459999,275896237.70990,487,2609.932,267645051.28000,0
1762433460000,102587.50,102601.70,102572.60,102591.2,824.309,1762433519999,84572620.05080,404,775.914,79607615.39690,0
1762433520000,102587.30,102591.20,102515.80,102515.8,299.843,1762433579999,30743958.59420,183,2.768,283937.90430,0
1762433580000,102578.30,102578.50,102508.50,102578.4,129.861,1762433639999,13312664.31870,125,4.913,503968.16930,0
1762433640000,102578.40,102578.50,102461.60,102461.6,2169.681,1762433699999,222368969.92440,436,2.547,261046.51280,0
1762433700000,102461.60,102510.00,102459.70,102491.0,392.381,1762433759999,40222350.07000,199,390.605,40040362.62660,0
1762433760000,102509.90,102510.00,102475.80,102475.8,218.964,1762433819999,22440974.46660,191,35.283,3616118.92450,0
1762433820000,102505.10,102505.10,102468.20,102478.3,42.946,1762433879999,4401126.58750,120,3.119,319635.16110,0
1762433880000,102468.30,102515.70,102468.20,102515.7,3.044,1762433939999,311977.80960,104,2.031,208173.66190,0
1762433940000,102515.60,102540.80,102471.70,102515.7,1660.437,1762433999999,170239938.99250,271,1659.910,170185909.24640,0
1762434000000,102515.80,102570.00,102514.80,102570.0,932.700,1762434059999,95654962.62070,329,931.606,95542811.19160,0
1762434060000,102571.10,102636.50,102567.70,102584.9,3076.992,1762434119999,315704854.70760,490,2945.076,302170067.54520,0
1762434120000,102574.40,102589.00,102567.70,102577.9,5.677,1762434179999,582328.84870,107,4.439,455345.35680,0
1762434180000,102577.90,102629.60,102577.90,102620.4,296.255,1762434239999,30402716.07710,200,293.808,30151631.91460,0
1762434240000,102620.50,102630.30,102620.40,102620.4,280.803,1762434299999,28818715.20750,170,278.961,28629688.09740,0
1762434300000,102627.90,102630.30,102593.40,102619.5,29.656,1762434359999,3042755.04570,130,2.305,236546.26170,0
1762434360000,102619.20,102632.70,102619.20,102626.5,95.829,1762434419999,9834492.06140,108,95.431,9793648.61020,0
1762434420000,102632.60,102675.80,102626.70,102654.0,1.365,1762434479999,140092.21610,104,0.264,27099.73200,0
1762434480000,102626.80,102740.20,102626.70,102732.9,3135.479,1762434539999,322026291.62120,607,3134.098,321884507.58560,0
1762434540000,102732.90,102744.10,102732.80,102744.1,2.696,1762434599999,276969.33000,107,0.097,9965.71470,0
1762434600000,102736.60,102847.30,102733.10,102847.3,2782.291,1762434659999,286018723.75730,412,2781.892,285977707.04620,0
1762434660000,102847.30,102865.50,102766.00,102766.2,1644.191,1762434719999,169074365.64330,382,972.066,99984500.25130,0
1762434720000,102766.00,102768.30,102746.00,102746.0,602.810,1762434779999,61944523.32750,318,2.431,249814.29760,0
1762434780000,102746.10,102878.20,102746.00,102862.8,1828.379,1762434839999,188024193.29900,419,1826.121,187791976.43850,0
1762434840000,102862.80,102878.20,102843.60,102868.8,106.515,1762434899999,10954852.03950,217,8.173,840823.41990,0
1762434900000,102868.80,102879.60,102858.40,102858.4,604.117,1762434959999,62150584.19150,270,596.615,61378914.39850,0
1762434960000,102858.40,103004.10,102843.50,103004.1,3747.285,1762435019999,385672286.78270,584,3660.490,376745830.27890,0
1762435020000,102843.60,103064.00,102843.50,103050.6,973.640,1762435079999,100314838.78520,246,967.476,99680179.00480,0
1762435080000,103050.70,103072.00,103027.00,103027.0,419.800,1762435139999,43268330.78100,217,409.016,42157177.47460,0
1762435140000,103071.80,103094.70,102987.20,103094.7,1945.681,1762435199999,200548328.62370,456,1768.873,182336438.25060,0
1762435200000,103089.80,103095.80,103047.10,103076.2,169.942,1762435259999,17520114.74180,157,165.730,17085930.08470,0
1762435260000,103075.70,103090.20,103058.00,103087.0,12.652,1762435319999,1304234.46400,95,11.950,1231884.85870,0
